pieza,fuente,duracion_s,notas,notas_por_segundo,duracion_mediana_s,reataques,nivel_musica_db
minueto_sol,estudio,143.5,954,6.65,0.277,0.021,-13.5
minueto_sol,telefono,155.1,1167,7.52,0.136,0.297,-35.4
clementi_1,estudio,44.9,342,7.62,0.19,0.012,-16.5
clementi_1,telefono,87.6,817,9.33,0.075,0.051,-26.1
clementi_2,estudio,80.6,353,4.38,0.584,0.006,-21.5
clementi_2,telefono,87.4,502,5.74,0.444,0.09,-39.4
clementi_3,estudio,34.3,236,6.88,0.278,0.0,-16.5
clementi_3,telefono,56.7,580,10.23,0.076,0.193,-24.3
sonatina_sol_1,estudio,93.1,507,5.45,0.235,0.018,-19.7
sonatina_sol_1,telefono,115.9,813,7.01,0.316,0.096,-34.7
sonatina_sol_2,estudio,144.3,655,4.54,0.346,0.0,-21.1
sonatina_sol_2,telefono,102.3,690,6.74,0.334,0.084,-34.8
fur_elise,estudio,170.2,1171,6.88,0.259,0.125,-10.4
fur_elise,telefono,216.3,1385,6.4,0.552,0.074,-29.5
vals_chopin,estudio,130.7,1029,7.87,0.337,0.053,-16.8
vals_chopin,telefono,157.5,1399,8.88,0.453,0.119,-33.9
wild_rose,estudio,140.6,307,2.18,2.376,0.0,-18.7
wild_rose,telefono,134.4,455,3.39,1.256,0.0,-24.7
czerny_1,telefono_solo,44.5,767,17.24,0.076,0.514,-29.3
czerny_2,telefono_solo,38.8,426,10.99,0.175,0.068,-25.4
czerny_3,telefono_solo,31.4,449,14.28,0.07,0.08,-28.2
czerny_4,telefono_solo,35.4,584,16.51,0.076,0.224,-26.5
czerny_5,telefono_solo,74.3,1001,13.48,0.183,0.213,-25.0
cinq_doigts_1,telefono_solo,55.9,224,4.0,0.738,0.004,-24.6
cinq_doigts_2,telefono_solo,54.1,746,13.79,0.169,0.098,-29.7
cinq_doigts_3,telefono_solo,54.7,476,8.7,0.245,0.065,-34.8
stravinsky_valse,telefono_solo,61.1,624,10.21,0.104,0.075,-38.9
