f1_onset,f1_note,ner,variant,condition,work
0.9876651982378855,0.9242290748898679,0.024518388791593695,ajustado,bajo,MIDI-UNPROCESSED_04-05_R1_2014_MID--AUDIO_04_R1_2014_wav--2
0.9584221748400853,0.8059701492537313,0.08150470219435736,ajustado,bajo,MIDI-UNPROCESSED_09-10_R1_2014_MID--AUDIO_09_R1_2014_wav--4
0.9591291846375025,0.8149517354692954,0.08089430894308942,ajustado,bajo,MIDI-UNPROCESSED_19-20_R1_2014_MID--AUDIO_19_R1_2014_wav--8
0.9935649935649936,0.8914628914628915,0.012809564474807857,ajustado,bajo,MIDI-Unprocessed_01_R1_2006_01-09_ORIG_MID--AUDIO_01_R1_2006_02_Track02_wav
0.9487577639751553,0.8198757763975155,0.10060975609756098,ajustado,bajo,MIDI-Unprocessed_01_R1_2006_01-09_ORIG_MID--AUDIO_01_R1_2006_04_Track04_wav
0.9699376063528077,0.8224617129892229,0.05948372615039282,ajustado,bajo,MIDI-Unprocessed_04_R1_2008_01-04_ORIG_MID--AUDIO_04_R1_2008_wav--4
0.9651423089222898,0.8628078030060761,0.06885660138976626,ajustado,bajo,MIDI-Unprocessed_05_R1_2008_01-04_ORIG_MID--AUDIO_05_R1_2008_wav--2
0.9123951537744641,0.78331780055918,0.16785714285714284,ajustado,bajo,MIDI-Unprocessed_08_R1_2008_01-05_ORIG_MID--AUDIO_08_R1_2008_wav--3
0.9640672782874619,0.8012232415902142,0.07110438729198185,ajustado,bajo,MIDI-Unprocessed_08_R1_2009_01-04_ORIG_MID--AUDIO_08_R1_2009_08_R1_2009_03_WAV
0.9828767123287672,0.9041095890410958,0.03424657534246575,ajustado,bajo,MIDI-Unprocessed_10_R2_2008_01-05_ORIG_MID--AUDIO_10_R2_2008_wav--1
0.9938118811881188,0.75,0.012360939431396786,ajustado,bajo,MIDI-Unprocessed_12_R1_2008_01-04_ORIG_MID--AUDIO_12_R1_2008_wav--1
0.9279302385226981,0.8376506796614517,0.1374083129584352,ajustado,bajo,MIDI-Unprocessed_14_R1_2011_MID--AUDIO_R1-D6_04_Track04_wav
0.9530130076984337,0.8218741704273959,0.091995841995842,ajustado,bajo,MIDI-Unprocessed_15_R1_2006_01-05_ORIG_MID--AUDIO_15_R1_2006_02_Track02_wav
0.9631746031746031,0.8482539682539683,0.07272727272727272,ajustado,bajo,MIDI-Unprocessed_17_R1_2008_01-04_ORIG_MID--AUDIO_17_R1_2008_wav--2
0.9683766690091357,0.8503162333099087,0.06224066390041494,ajustado,bajo,MIDI-Unprocessed_17_R2_2008_01-04_ORIG_MID--AUDIO_17_R2_2008_wav--1
0.9895678092399405,0.8256333830104321,0.020833333333333332,ajustado,bajo,MIDI-Unprocessed_19_R1_2011_MID--AUDIO_R1-D7_15_Track15_wav
0.952814569536424,0.8385761589403974,0.09359605911330049,ajustado,bajo,MIDI-Unprocessed_R1_D1-9-12_mid--AUDIO-from_mp3_12_R1_2015_wav--3
0.9154327081276735,0.7640671273445212,0.1641123882503193,ajustado,bajo,MIDI-Unprocessed_Recital17-19_MID--AUDIO_17_R1_2018_wav--2
0.8894668400520156,0.7334200260078023,0.21421370967741934,ajustado,bajo,ORIG-MIDI_01_7_6_13_Group__MID--AUDIO_04_R1_2013_wav--3
0.9677239844184753,0.8614357262103506,0.06345733041575492,ajustado,bajo,ORIG-MIDI_02_7_6_13_Group__MID--AUDIO_08_R1_2013_wav--4
0.93441881501583,0.7146087743102668,0.12697022767075306,ajustado,celular,MIDI-UNPROCESSED_04-05_R1_2014_MID--AUDIO_04_R1_2014_wav--2
0.8617191671115857,0.5787506673785372,0.27063740856844304,ajustado,celular,MIDI-UNPROCESSED_09-10_R1_2014_MID--AUDIO_09_R1_2014_wav--4
0.851662925933483,0.5149969394001225,0.29552845528455285,ajustado,celular,MIDI-UNPROCESSED_19-20_R1_2014_MID--AUDIO_19_R1_2014_wav--8
0.9577345731191884,0.6289095519864751,0.08539709649871904,ajustado,celular,MIDI-Unprocessed_01_R1_2006_01-09_ORIG_MID--AUDIO_01_R1_2006_02_Track02_wav
0.8777777777777778,0.6333333333333333,0.2347560975609756,ajustado,celular,MIDI-Unprocessed_01_R1_2006_01-09_ORIG_MID--AUDIO_01_R1_2006_04_Track04_wav
0.9071347678369196,0.5617214043035108,0.1840628507295174,ajustado,celular,MIDI-Unprocessed_04_R1_2008_01-04_ORIG_MID--AUDIO_04_R1_2008_wav--4
0.8801798907805976,0.5711532283970447,0.23562855337965888,ajustado,celular,MIDI-Unprocessed_05_R1_2008_01-04_ORIG_MID--AUDIO_05_R1_2008_wav--2
0.7513729405891163,0.4712930604093859,0.4446428571428571,ajustado,celular,MIDI-Unprocessed_08_R1_2008_01-05_ORIG_MID--AUDIO_08_R1_2008_wav--3
0.8525328330206379,0.5538461538461539,0.2972768532526475,ajustado,celular,MIDI-Unprocessed_08_R1_2009_01-04_ORIG_MID--AUDIO_08_R1_2009_08_R1_2009_03_WAV
0.9363166953528399,0.5662650602409639,0.1267123287671233,ajustado,celular,MIDI-Unprocessed_10_R2_2008_01-05_ORIG_MID--AUDIO_10_R2_2008_wav--1
0.9614906832298137,0.48074534161490684,0.07663782447466007,ajustado,celular,MIDI-Unprocessed_12_R1_2008_01-04_ORIG_MID--AUDIO_12_R1_2008_wav--1
0.850104821802935,0.6556603773584906,0.27970660146699267,ajustado,celular,MIDI-Unprocessed_14_R1_2011_MID--AUDIO_R1-D6_04_Track04_wav
0.8825245293025723,0.6671970299655263,0.23024948024948025,ajustado,celular,MIDI-Unprocessed_15_R1_2006_01-05_ORIG_MID--AUDIO_15_R1_2006_02_Track02_wav
0.8783000643915004,0.5550547327752737,0.23699059561128527,ajustado,celular,MIDI-Unprocessed_17_R1_2008_01-04_ORIG_MID--AUDIO_17_R1_2008_wav--2
0.9015256588072122,0.7184466019417476,0.19640387275242047,ajustado,celular,MIDI-Unprocessed_17_R2_2008_01-04_ORIG_MID--AUDIO_17_R2_2008_wav--1
0.9486796213253611,0.6238166417538615,0.10218253968253968,ajustado,celular,MIDI-Unprocessed_19_R1_2011_MID--AUDIO_R1-D7_15_Track15_wav
0.8349261511728931,0.6324934839270201,0.31198686371100165,ajustado,celular,MIDI-Unprocessed_R1_D1-9-12_mid--AUDIO-from_mp3_12_R1_2015_wav--3
0.7913188647746243,0.5402337228714523,0.3991060025542784,ajustado,celular,MIDI-Unprocessed_Recital17-19_MID--AUDIO_17_R1_2018_wav--2
0.7779258864302853,0.564116235670488,0.41985887096774194,ajustado,celular,ORIG-MIDI_01_7_6_13_Group__MID--AUDIO_04_R1_2013_wav--3
0.886986301369863,0.6837899543378995,0.21663019693654267,ajustado,celular,ORIG-MIDI_02_7_6_13_Group__MID--AUDIO_08_R1_2013_wav--4
0.9876651982378855,0.9242290748898679,0.024518388791593695,ajustado,limpio,MIDI-UNPROCESSED_04-05_R1_2014_MID--AUDIO_04_R1_2014_wav--2
0.9584221748400853,0.8059701492537313,0.08150470219435736,ajustado,limpio,MIDI-UNPROCESSED_09-10_R1_2014_MID--AUDIO_09_R1_2014_wav--4
0.9591291846375025,0.8149517354692954,0.08089430894308942,ajustado,limpio,MIDI-UNPROCESSED_19-20_R1_2014_MID--AUDIO_19_R1_2014_wav--8
0.9935649935649936,0.8914628914628915,0.012809564474807857,ajustado,limpio,MIDI-Unprocessed_01_R1_2006_01-09_ORIG_MID--AUDIO_01_R1_2006_02_Track02_wav
0.9487577639751553,0.8198757763975155,0.10060975609756098,ajustado,limpio,MIDI-Unprocessed_01_R1_2006_01-09_ORIG_MID--AUDIO_01_R1_2006_04_Track04_wav
0.9699376063528077,0.8224617129892229,0.05948372615039282,ajustado,limpio,MIDI-Unprocessed_04_R1_2008_01-04_ORIG_MID--AUDIO_04_R1_2008_wav--4
0.9651423089222898,0.8628078030060761,0.06885660138976626,ajustado,limpio,MIDI-Unprocessed_05_R1_2008_01-04_ORIG_MID--AUDIO_05_R1_2008_wav--2
0.9123951537744641,0.78331780055918,0.16785714285714284,ajustado,limpio,MIDI-Unprocessed_08_R1_2008_01-05_ORIG_MID--AUDIO_08_R1_2008_wav--3
0.9640672782874619,0.8012232415902142,0.07110438729198185,ajustado,limpio,MIDI-Unprocessed_08_R1_2009_01-04_ORIG_MID--AUDIO_08_R1_2009_08_R1_2009_03_WAV
0.9828767123287672,0.9041095890410958,0.03424657534246575,ajustado,limpio,MIDI-Unprocessed_10_R2_2008_01-05_ORIG_MID--AUDIO_10_R2_2008_wav--1
0.9938118811881188,0.75,0.012360939431396786,ajustado,limpio,MIDI-Unprocessed_12_R1_2008_01-04_ORIG_MID--AUDIO_12_R1_2008_wav--1
0.9279302385226981,0.8376506796614517,0.1374083129584352,ajustado,limpio,MIDI-Unprocessed_14_R1_2011_MID--AUDIO_R1-D6_04_Track04_wav
0.9530130076984337,0.8218741704273959,0.091995841995842,ajustado,limpio,MIDI-Unprocessed_15_R1_2006_01-05_ORIG_MID--AUDIO_15_R1_2006_02_Track02_wav
0.9631746031746031,0.8482539682539683,0.07272727272727272,ajustado,limpio,MIDI-Unprocessed_17_R1_2008_01-04_ORIG_MID--AUDIO_17_R1_2008_wav--2
0.9683766690091357,0.8503162333099087,0.06224066390041494,ajustado,limpio,MIDI-Unprocessed_17_R2_2008_01-04_ORIG_MID--AUDIO_17_R2_2008_wav--1
0.9895678092399405,0.8256333830104321,0.020833333333333332,ajustado,limpio,MIDI-Unprocessed_19_R1_2011_MID--AUDIO_R1-D7_15_Track15_wav
0.952814569536424,0.8385761589403974,0.09359605911330049,ajustado,limpio,MIDI-Unprocessed_R1_D1-9-12_mid--AUDIO-from_mp3_12_R1_2015_wav--3
0.9154327081276735,0.7640671273445212,0.1641123882503193,ajustado,limpio,MIDI-Unprocessed_Recital17-19_MID--AUDIO_17_R1_2018_wav--2
0.8894668400520156,0.7334200260078023,0.21421370967741934,ajustado,limpio,ORIG-MIDI_01_7_6_13_Group__MID--AUDIO_04_R1_2013_wav--3
0.9677239844184753,0.8614357262103506,0.06345733041575492,ajustado,limpio,ORIG-MIDI_02_7_6_13_Group__MID--AUDIO_08_R1_2013_wav--4
0.9889819303658,0.9228735125605994,0.021891418563922942,ajustado,mp3,MIDI-UNPROCESSED_04-05_R1_2014_MID--AUDIO_04_R1_2014_wav--2
0.9568919638105375,0.8014901543374137,0.08463949843260188,ajustado,mp3,MIDI-UNPROCESSED_09-10_R1_2014_MID--AUDIO_09_R1_2014_wav--4
0.957769577695777,0.8056580565805657,0.08373983739837398,ajustado,mp3,MIDI-UNPROCESSED_19-20_R1_2014_MID--AUDIO_19_R1_2014_wav--8
0.9927132447492499,0.8786969567081011,0.014517506404782237,ajustado,mp3,MIDI-Unprocessed_01_R1_2006_01-09_ORIG_MID--AUDIO_01_R1_2006_02_Track02_wav
0.9489164086687306,0.8080495356037153,0.10060975609756098,ajustado,mp3,MIDI-Unprocessed_01_R1_2006_01-09_ORIG_MID--AUDIO_01_R1_2006_04_Track04_wav
0.9721749006246451,0.8131743327654742,0.05499438832772166,ajustado,mp3,MIDI-Unprocessed_04_R1_2008_01-04_ORIG_MID--AUDIO_04_R1_2008_wav--4
0.965847430577721,0.8598787105011171,0.06759317751105495,ajustado,mp3,MIDI-Unprocessed_05_R1_2008_01-04_ORIG_MID--AUDIO_05_R1_2008_wav--2
0.9122315592903829,0.7787114845938375,0.16785714285714284,ajustado,mp3,MIDI-Unprocessed_08_R1_2008_01-05_ORIG_MID--AUDIO_08_R1_2008_wav--3
0.9626524390243902,0.794969512195122,0.07413010590015129,ajustado,mp3,MIDI-Unprocessed_08_R1_2009_01-04_ORIG_MID--AUDIO_08_R1_2009_08_R1_2009_03_WAV
0.9837189374464438,0.8997429305912596,0.032534246575342464,ajustado,mp3,MIDI-Unprocessed_10_R2_2008_01-05_ORIG_MID--AUDIO_10_R2_2008_wav--1
0.99443413729128,0.7433518862090291,0.011124845488257108,ajustado,mp3,MIDI-Unprocessed_12_R1_2008_01-04_ORIG_MID--AUDIO_12_R1_2008_wav--1
0.9248910535760061,0.8326070238400409,0.1432762836185819,ajustado,mp3,MIDI-Unprocessed_14_R1_2011_MID--AUDIO_R1-D6_04_Track04_wav
0.9522799575821845,0.8197242841993636,0.09355509355509356,ajustado,mp3,MIDI-Unprocessed_15_R1_2006_01-05_ORIG_MID--AUDIO_15_R1_2006_02_Track02_wav
0.9644670050761421,0.8464467005076141,0.07021943573667712,ajustado,mp3,MIDI-Unprocessed_17_R1_2008_01-04_ORIG_MID--AUDIO_17_R1_2008_wav--2
0.968421052631579,0.8477192982456141,0.06224066390041494,ajustado,mp3,MIDI-Unprocessed_17_R2_2008_01-04_ORIG_MID--AUDIO_17_R2_2008_wav--1
0.9905519641969169,0.8234709099950273,0.018849206349206348,ajustado,mp3,MIDI-Unprocessed_19_R1_2011_MID--AUDIO_R1-D7_15_Track15_wav
0.9537190082644628,0.8396694214876034,0.09195402298850575,ajustado,mp3,MIDI-Unprocessed_R1_D1-9-12_mid--AUDIO-from_mp3_12_R1_2015_wav--3
0.9138724523339907,0.7613412228796844,0.1673052362707535,ajustado,mp3,MIDI-Unprocessed_Recital17-19_MID--AUDIO_17_R1_2018_wav--2
0.8860036354193715,0.7255258374448195,0.2212701612903226,ajustado,mp3,ORIG-MIDI_01_7_6_13_Group__MID--AUDIO_04_R1_2013_wav--3
0.9660734149054505,0.8570634037819801,0.06673960612691467,ajustado,mp3,ORIG-MIDI_02_7_6_13_Group__MID--AUDIO_08_R1_2013_wav--4
0.9616071428571429,0.8089285714285714,0.07530647985989491,ajustado,reverb,MIDI-UNPROCESSED_04-05_R1_2014_MID--AUDIO_04_R1_2014_wav--2
0.8710875331564987,0.6037135278514589,0.25391849529780564,ajustado,reverb,MIDI-UNPROCESSED_09-10_R1_2014_MID--AUDIO_09_R1_2014_wav--4
0.9228855721393034,0.6057213930348259,0.15121951219512195,ajustado,reverb,MIDI-UNPROCESSED_19-20_R1_2014_MID--AUDIO_19_R1_2014_wav--8
0.9755679382768967,0.7286755250750107,0.04867634500426986,ajustado,reverb,MIDI-Unprocessed_01_R1_2006_01-09_ORIG_MID--AUDIO_01_R1_2006_02_Track02_wav
0.9053627760252365,0.7223974763406938,0.18292682926829268,ajustado,reverb,MIDI-Unprocessed_01_R1_2006_01-09_ORIG_MID--AUDIO_01_R1_2006_04_Track04_wav
0.9419873635841471,0.655944859276278,0.11335578002244669,ajustado,reverb,MIDI-Unprocessed_04_R1_2008_01-04_ORIG_MID--AUDIO_04_R1_2008_wav--4
0.9371391917896088,0.6978832584990379,0.12381554011370816,ajustado,reverb,MIDI-Unprocessed_05_R1_2008_01-04_ORIG_MID--AUDIO_05_R1_2008_wav--2
0.8432534977472137,0.6137064263694569,0.2950892857142857,ajustado,reverb,MIDI-Unprocessed_08_R1_2008_01-05_ORIG_MID--AUDIO_08_R1_2008_wav--3
0.930807885581755,0.6996521066872826,0.13540090771558244,ajustado,reverb,MIDI-Unprocessed_08_R1_2009_01-04_ORIG_MID--AUDIO_08_R1_2009_08_R1_2009_03_WAV
0.9628349178910977,0.707000864304235,0.07363013698630137,ajustado,reverb,MIDI-Unprocessed_10_R2_2008_01-05_ORIG_MID--AUDIO_10_R2_2008_wav--1
0.9807093963907902,0.5451151213441195,0.038318912237330034,ajustado,reverb,MIDI-Unprocessed_12_R1_2008_01-04_ORIG_MID--AUDIO_12_R1_2008_wav--1
0.8874614594039055,0.7045220966084275,0.21418092909535452,ajustado,reverb,MIDI-Unprocessed_14_R1_2011_MID--AUDIO_R1-D6_04_Track04_wav
0.9121228163049232,0.7215457914240339,0.17255717255717257,ajustado,reverb,MIDI-Unprocessed_15_R1_2006_01-05_ORIG_MID--AUDIO_15_R1_2006_02_Track02_wav
0.9191105381888496,0.6329358685143409,0.1573667711598746,ajustado,reverb,MIDI-Unprocessed_17_R1_2008_01-04_ORIG_MID--AUDIO_17_R1_2008_wav--2
0.940928270042194,0.8059071729957805,0.11618257261410789,ajustado,reverb,MIDI-Unprocessed_17_R2_2008_01-04_ORIG_MID--AUDIO_17_R2_2008_wav--1
0.9644466700050075,0.6740110165247871,0.07043650793650794,ajustado,reverb,MIDI-Unprocessed_19_R1_2011_MID--AUDIO_R1-D7_15_Track15_wav
0.8932038834951457,0.7176023638666104,0.2077175697865353,ajustado,reverb,MIDI-Unprocessed_R1_D1-9-12_mid--AUDIO-from_mp3_12_R1_2015_wav--3
0.8723544973544973,0.666005291005291,0.24648786717752236,ajustado,reverb,MIDI-Unprocessed_Recital17-19_MID--AUDIO_17_R1_2018_wav--2
0.8512981904012588,0.6577498033044846,0.2857862903225806,ajustado,reverb,ORIG-MIDI_01_7_6_13_Group__MID--AUDIO_04_R1_2013_wav--3
0.9298642533936651,0.7635746606334842,0.13566739606126915,ajustado,reverb,ORIG-MIDI_02_7_6_13_Group__MID--AUDIO_08_R1_2013_wav--4
0.9819144243493604,0.8892809880899867,0.03590192644483362,ajustado,ruido,MIDI-UNPROCESSED_04-05_R1_2014_MID--AUDIO_04_R1_2014_wav--2
0.9190628328008521,0.6943556975505857,0.1588296760710554,ajustado,ruido,MIDI-UNPROCESSED_09-10_R1_2014_MID--AUDIO_09_R1_2014_wav--4
0.9354640442532268,0.758041384962098,0.12804878048780488,ajustado,ruido,MIDI-UNPROCESSED_19-20_R1_2014_MID--AUDIO_19_R1_2014_wav--8
0.9867123874839263,0.8246892413201886,0.026473099914602904,ajustado,ruido,MIDI-Unprocessed_01_R1_2006_01-09_ORIG_MID--AUDIO_01_R1_2006_02_Track02_wav
0.9329221279876638,0.7478797224363917,0.1326219512195122,ajustado,ruido,MIDI-Unprocessed_01_R1_2006_01-09_ORIG_MID--AUDIO_01_R1_2006_04_Track04_wav
0.9576988155668359,0.7512690355329948,0.08417508417508418,ajustado,ruido,MIDI-Unprocessed_04_R1_2008_01-04_ORIG_MID--AUDIO_04_R1_2008_wav--4
0.9455240522459383,0.7919719655941383,0.1080227416298168,ajustado,ruido,MIDI-Unprocessed_05_R1_2008_01-04_ORIG_MID--AUDIO_05_R1_2008_wav--2
0.8743625405656004,0.6977283263792303,0.24196428571428572,ajustado,ruido,MIDI-Unprocessed_08_R1_2008_01-05_ORIG_MID--AUDIO_08_R1_2008_wav--3
0.9331814730447988,0.7205770690964313,0.13313161875945537,ajustado,ruido,MIDI-Unprocessed_08_R1_2009_01-04_ORIG_MID--AUDIO_08_R1_2009_08_R1_2009_03_WAV
0.9769427839453458,0.8249359521776259,0.046232876712328765,ajustado,ruido,MIDI-Unprocessed_10_R2_2008_01-05_ORIG_MID--AUDIO_10_R2_2008_wav--1
0.9919504643962849,0.6773993808049535,0.016069221260815822,ajustado,ruido,MIDI-Unprocessed_12_R1_2008_01-04_ORIG_MID--AUDIO_12_R1_2008_wav--1
0.9104859335038363,0.808695652173913,0.17114914425427874,ajustado,ruido,MIDI-Unprocessed_14_R1_2011_MID--AUDIO_R1-D6_04_Track04_wav
0.9315719947159841,0.7672391017173051,0.1346153846153846,ajustado,ruido,MIDI-Unprocessed_15_R1_2006_01-05_ORIG_MID--AUDIO_15_R1_2006_02_Track02_wav
0.9467983434214717,0.7747690347244345,0.10470219435736677,ajustado,ruido,MIDI-Unprocessed_17_R1_2008_01-04_ORIG_MID--AUDIO_17_R1_2008_wav--2
0.954829742876998,0.806115357887422,0.08990318118948824,ajustado,ruido,MIDI-Unprocessed_17_R2_2008_01-04_ORIG_MID--AUDIO_17_R2_2008_wav--1
0.9806643529995043,0.7902825979176995,0.03869047619047619,ajustado,ruido,MIDI-Unprocessed_19_R1_2011_MID--AUDIO_R1-D7_15_Track15_wav
0.941715237302248,0.810158201498751,0.11494252873563218,ajustado,ruido,MIDI-Unprocessed_R1_D1-9-12_mid--AUDIO-from_mp3_12_R1_2015_wav--3
0.8847535096310807,0.7104146261834803,0.22541507024265645,ajustado,ruido,MIDI-Unprocessed_Recital17-19_MID--AUDIO_17_R1_2018_wav--2
0.8640826873385015,0.689922480620155,0.2651209677419355,ajustado,ruido,ORIG-MIDI_01_7_6_13_Group__MID--AUDIO_04_R1_2013_wav--3
0.9523809523809523,0.8270676691729322,0.09354485776805252,ajustado,ruido,ORIG-MIDI_02_7_6_13_Group__MID--AUDIO_08_R1_2013_wav--4
0.9132629646626892,0.5846718678292795,0.16549912434325745,original,bajo,MIDI-UNPROCESSED_04-05_R1_2014_MID--AUDIO_04_R1_2014_wav--2
0.6562311860325106,0.25526791089705,0.5966562173458725,original,bajo,MIDI-UNPROCESSED_09-10_R1_2014_MID--AUDIO_09_R1_2014_wav--4
0.8751087902523933,0.3807658833768494,0.23333333333333334,original,bajo,MIDI-UNPROCESSED_19-20_R1_2014_MID--AUDIO_19_R1_2014_wav--8
0.9816631130063966,0.7300639658848616,0.036720751494449186,original,bajo,MIDI-Unprocessed_01_R1_2006_01-09_ORIG_MID--AUDIO_01_R1_2006_02_Track02_wav
0.893061224489796,0.6106122448979591,0.19969512195121952,original,bajo,MIDI-Unprocessed_01_R1_2006_01-09_ORIG_MID--AUDIO_01_R1_2006_04_Track04_wav
0.914792899408284,0.5408284023668639,0.16161616161616163,original,bajo,MIDI-Unprocessed_04_R1_2008_01-04_ORIG_MID--AUDIO_04_R1_2008_wav--4
0.9421221864951768,0.6816720257234726,0.11370814908401769,original,bajo,MIDI-Unprocessed_05_R1_2008_01-04_ORIG_MID--AUDIO_05_R1_2008_wav--2
0.8572127139364304,0.5960880195599022,0.26071428571428573,original,bajo,MIDI-Unprocessed_08_R1_2008_01-05_ORIG_MID--AUDIO_08_R1_2008_wav--3
0.8864,0.5880000000000001,0.21482602118003025,original,bajo,MIDI-Unprocessed_08_R1_2009_01-04_ORIG_MID--AUDIO_08_R1_2009_08_R1_2009_03_WAV
0.9110132158590308,0.4387665198237885,0.17294520547945205,original,bajo,MIDI-Unprocessed_10_R2_2008_01-05_ORIG_MID--AUDIO_10_R2_2008_wav--1
0.9737171464330413,0.29536921151439305,0.0519159456118665,original,bajo,MIDI-Unprocessed_12_R1_2008_01-04_ORIG_MID--AUDIO_12_R1_2008_wav--1
0.8823842469398616,0.7072911122937733,0.21613691931540344,original,bajo,MIDI-Unprocessed_14_R1_2011_MID--AUDIO_R1-D6_04_Track04_wav
0.9089408528198075,0.6932599724896836,0.17203742203742203,original,bajo,MIDI-Unprocessed_15_R1_2006_01-05_ORIG_MID--AUDIO_15_R1_2006_02_Track02_wav
0.9129442451907401,0.5510270622758395,0.16739811912225705,original,bajo,MIDI-Unprocessed_17_R1_2008_01-04_ORIG_MID--AUDIO_17_R1_2008_wav--2
0.8390386016023307,0.4297159504734159,0.30567081604426005,original,bajo,MIDI-Unprocessed_17_R2_2008_01-04_ORIG_MID--AUDIO_17_R2_2008_wav--1
0.9388560157790926,0.5177514792899408,0.12301587301587301,original,bajo,MIDI-Unprocessed_19_R1_2011_MID--AUDIO_R1-D7_15_Track15_wav
0.874451273046532,0.6189640035118525,0.2348111658456486,original,bajo,MIDI-Unprocessed_R1_D1-9-12_mid--AUDIO-from_mp3_12_R1_2015_wav--3
0.8334509527170078,0.5525758645024701,0.30140485312899107,original,bajo,MIDI-Unprocessed_Recital17-19_MID--AUDIO_17_R1_2018_wav--2
0.8226586962709934,0.5812695701679476,0.31401209677419356,original,bajo,ORIG-MIDI_01_7_6_13_Group__MID--AUDIO_04_R1_2013_wav--3
0.7848484848484848,0.5254545454545455,0.38840262582056895,original,bajo,ORIG-MIDI_02_7_6_13_Group__MID--AUDIO_08_R1_2013_wav--4
0.8861098704778918,0.610093791871371,0.22329246935201402,original,celular,MIDI-UNPROCESSED_04-05_R1_2014_MID--AUDIO_04_R1_2014_wav--2
0.7648114901256733,0.3973668461998803,0.4106583072100313,original,celular,MIDI-UNPROCESSED_09-10_R1_2014_MID--AUDIO_09_R1_2014_wav--4
0.7572410918941447,0.38591373202750573,0.4735772357723577,original,celular,MIDI-UNPROCESSED_19-20_R1_2014_MID--AUDIO_19_R1_2014_wav--8
0.9131190269331017,0.4613379669852302,0.1707941929974381,original,celular,MIDI-Unprocessed_01_R1_2006_01-09_ORIG_MID--AUDIO_01_R1_2006_02_Track02_wav
0.768839966130398,0.4809483488569009,0.41615853658536583,original,celular,MIDI-Unprocessed_01_R1_2006_01-09_ORIG_MID--AUDIO_01_R1_2006_04_Track04_wav
0.8613698630136988,0.5172602739726028,0.2839506172839506,original,celular,MIDI-Unprocessed_04_R1_2008_01-04_ORIG_MID--AUDIO_04_R1_2008_wav--4
0.7849393746011487,0.32163369495851946,0.4257738471257107,original,celular,MIDI-Unprocessed_05_R1_2008_01-04_ORIG_MID--AUDIO_05_R1_2008_wav--2
0.6107717934480844,0.2448639644641866,0.6258928571428571,original,celular,MIDI-Unprocessed_08_R1_2008_01-05_ORIG_MID--AUDIO_08_R1_2008_wav--3
0.7460711331679074,0.39205955334987586,0.46444780635400906,original,celular,MIDI-Unprocessed_08_R1_2009_01-04_ORIG_MID--AUDIO_08_R1_2009_08_R1_2009_03_WAV
0.8576419213973799,0.47860262008733623,0.2791095890410959,original,celular,MIDI-Unprocessed_10_R2_2008_01-05_ORIG_MID--AUDIO_10_R2_2008_wav--1
0.9137822529893015,0.28697293895531784,0.16934487021013597,original,celular,MIDI-Unprocessed_12_R1_2008_01-04_ORIG_MID--AUDIO_12_R1_2008_wav--1
0.7752100840336135,0.4810924369747899,0.41858190709046456,original,celular,MIDI-Unprocessed_14_R1_2011_MID--AUDIO_R1-D6_04_Track04_wav
0.8151842615683015,0.49709060681629264,0.34667359667359665,original,celular,MIDI-Unprocessed_15_R1_2006_01-05_ORIG_MID--AUDIO_15_R1_2006_02_Track02_wav
0.802233902759527,0.4408672798948752,0.3774294670846395,original,celular,MIDI-Unprocessed_17_R1_2008_01-04_ORIG_MID--AUDIO_17_R1_2008_wav--2
0.824404761904762,0.5282738095238095,0.326417704011065,original,celular,MIDI-Unprocessed_17_R2_2008_01-04_ORIG_MID--AUDIO_17_R2_2008_wav--1
0.875,0.49173553719008267,0.2400793650793651,original,celular,MIDI-Unprocessed_19_R1_2011_MID--AUDIO_R1-D7_15_Track15_wav
0.7307512832477835,0.45916938870741947,0.47372742200328405,original,celular,MIDI-Unprocessed_R1_D1-9-12_mid--AUDIO-from_mp3_12_R1_2015_wav--3
0.6444358278402482,0.3443195036835983,0.5855683269476373,original,celular,MIDI-Unprocessed_Recital17-19_MID--AUDIO_17_R1_2018_wav--2
0.7061379684953829,0.44432373709940254,0.5453629032258065,original,celular,ORIG-MIDI_01_7_6_13_Group__MID--AUDIO_04_R1_2013_wav--3
0.8288501330180313,0.5645876441028673,0.31673960612691465,original,celular,ORIG-MIDI_02_7_6_13_Group__MID--AUDIO_08_R1_2013_wav--4
0.9894273127753302,0.9312775330396476,0.021015761821366025,original,limpio,MIDI-UNPROCESSED_04-05_R1_2014_MID--AUDIO_04_R1_2014_wav--2
0.9642285104111051,0.7955152162306461,0.07001044932079414,original,limpio,MIDI-UNPROCESSED_09-10_R1_2014_MID--AUDIO_09_R1_2014_wav--4
0.9621554915672563,0.8432743726861374,0.07479674796747968,original,limpio,MIDI-UNPROCESSED_19-20_R1_2014_MID--AUDIO_19_R1_2014_wav--8
0.9957191780821918,0.9006849315068493,0.008539709649871904,original,limpio,MIDI-Unprocessed_01_R1_2006_01-09_ORIG_MID--AUDIO_01_R1_2006_02_Track02_wav
0.9548989113530326,0.8195956454121306,0.08841463414634146,original,limpio,MIDI-Unprocessed_01_R1_2006_01-09_ORIG_MID--AUDIO_01_R1_2006_04_Track04_wav
0.9734912577552172,0.8494077834179357,0.052749719416386086,original,limpio,MIDI-Unprocessed_04_R1_2008_01-04_ORIG_MID--AUDIO_04_R1_2008_wav--4
0.9680715197956578,0.8652618135376755,0.06317119393556538,original,limpio,MIDI-Unprocessed_05_R1_2008_01-04_ORIG_MID--AUDIO_05_R1_2008_wav--2
0.9219659911483812,0.8013044491031913,0.14955357142857142,original,limpio,MIDI-Unprocessed_08_R1_2008_01-05_ORIG_MID--AUDIO_08_R1_2008_wav--3
0.9696737044145873,0.8084452975047985,0.059757942511346446,original,limpio,MIDI-Unprocessed_08_R1_2009_01-04_ORIG_MID--AUDIO_08_R1_2009_08_R1_2009_03_WAV
0.9862542955326461,0.8900343642611683,0.0273972602739726,original,limpio,MIDI-Unprocessed_10_R2_2008_01-05_ORIG_MID--AUDIO_10_R2_2008_wav--1
0.9950495049504949,0.766089108910891,0.009888751545117428,original,limpio,MIDI-Unprocessed_12_R1_2008_01-04_ORIG_MID--AUDIO_12_R1_2008_wav--1
0.9327581832022329,0.8469931489469679,0.1295843520782396,original,limpio,MIDI-Unprocessed_14_R1_2011_MID--AUDIO_R1-D6_04_Track04_wav
0.9573057544417927,0.841156191991514,0.08367983367983368,original,limpio,MIDI-Unprocessed_15_R1_2006_01-05_ORIG_MID--AUDIO_15_R1_2006_02_Track02_wav
0.9666348903717826,0.8674928503336511,0.06583072100313479,original,limpio,MIDI-Unprocessed_17_R1_2008_01-04_ORIG_MID--AUDIO_17_R1_2008_wav--2
0.9732394366197182,0.8633802816901409,0.05255878284923928,original,limpio,MIDI-Unprocessed_17_R2_2008_01-04_ORIG_MID--AUDIO_17_R2_2008_wav--1
0.9910358565737053,0.8177290836653386,0.017857142857142856,original,limpio,MIDI-Unprocessed_19_R1_2011_MID--AUDIO_R1-D7_15_Track15_wav
0.958904109589041,0.8542963885429639,0.0812807881773399,original,limpio,MIDI-Unprocessed_R1_D1-9-12_mid--AUDIO-from_mp3_12_R1_2015_wav--3
0.9200792602377807,0.7694848084544254,0.1545338441890166,original,limpio,MIDI-Unprocessed_Recital17-19_MID--AUDIO_17_R1_2018_wav--2
0.8990825688073394,0.7638269986893841,0.19405241935483872,original,limpio,ORIG-MIDI_01_7_6_13_Group__MID--AUDIO_04_R1_2013_wav--3
0.9715401785714286,0.8677455357142857,0.05579868708971553,original,limpio,ORIG-MIDI_02_7_6_13_Group__MID--AUDIO_08_R1_2013_wav--4
0.9920774647887324,0.9242957746478874,0.01576182136602452,original,mp3,MIDI-UNPROCESSED_04-05_R1_2014_MID--AUDIO_04_R1_2014_wav--2
0.9543307086614173,0.779002624671916,0.09090909090909091,original,mp3,MIDI-UNPROCESSED_09-10_R1_2014_MID--AUDIO_09_R1_2014_wav--4
0.9596063153578018,0.8164855443920443,0.08008130081300813,original,mp3,MIDI-UNPROCESSED_19-20_R1_2014_MID--AUDIO_19_R1_2014_wav--8
0.99017513882956,0.8850918410935497,0.01964133219470538,original,mp3,MIDI-Unprocessed_01_R1_2006_01-09_ORIG_MID--AUDIO_01_R1_2006_02_Track02_wav
0.9505409582689335,0.8083462132921174,0.0975609756097561,original,mp3,MIDI-Unprocessed_01_R1_2006_01-09_ORIG_MID--AUDIO_01_R1_2006_04_Track04_wav
0.9695945945945947,0.829954954954955,0.06060606060606061,original,mp3,MIDI-Unprocessed_04_R1_2008_01-04_ORIG_MID--AUDIO_04_R1_2008_wav--4
0.9619289340101523,0.8464467005076142,0.07580543272267846,original,mp3,MIDI-Unprocessed_05_R1_2008_01-04_ORIG_MID--AUDIO_05_R1_2008_wav--2
0.9112453531598513,0.770910780669145,0.1705357142857143,original,mp3,MIDI-Unprocessed_08_R1_2008_01-05_ORIG_MID--AUDIO_08_R1_2008_wav--3
0.9686544342507646,0.805045871559633,0.06202723146747353,original,mp3,MIDI-Unprocessed_08_R1_2009_01-04_ORIG_MID--AUDIO_08_R1_2009_08_R1_2009_03_WAV
0.9812606473594548,0.8807495741056218,0.03767123287671233,original,mp3,MIDI-Unprocessed_10_R2_2008_01-05_ORIG_MID--AUDIO_10_R2_2008_wav--1
0.9962917181705809,0.7169344870210136,0.007416563658838072,original,mp3,MIDI-Unprocessed_12_R1_2008_01-04_ORIG_MID--AUDIO_12_R1_2008_wav--1
0.930421533773489,0.840528186896902,0.13398533007334965,original,mp3,MIDI-Unprocessed_14_R1_2011_MID--AUDIO_R1-D6_04_Track04_wav
0.9532611565883284,0.8333773435437021,0.091995841995842,original,mp3,MIDI-Unprocessed_15_R1_2006_01-05_ORIG_MID--AUDIO_15_R1_2006_02_Track02_wav
0.9640605296343002,0.8562421185372007,0.07147335423197493,original,mp3,MIDI-Unprocessed_17_R1_2008_01-04_ORIG_MID--AUDIO_17_R1_2008_wav--2
0.9655657062543921,0.8475052705551652,0.0677731673582296,original,mp3,MIDI-Unprocessed_17_R2_2008_01-04_ORIG_MID--AUDIO_17_R2_2008_wav--1
0.9851190476190477,0.7986111111111112,0.02976190476190476,original,mp3,MIDI-Unprocessed_19_R1_2011_MID--AUDIO_R1-D7_15_Track15_wav
0.9610927152317881,0.8509933774834436,0.07717569786535304,original,mp3,MIDI-Unprocessed_R1_D1-9-12_mid--AUDIO-from_mp3_12_R1_2015_wav--3
0.9135313531353135,0.7557755775577558,0.1673052362707535,original,mp3,MIDI-Unprocessed_Recital17-19_MID--AUDIO_17_R1_2018_wav--2
0.8835257082896117,0.7360965372507869,0.22379032258064516,original,mp3,ORIG-MIDI_01_7_6_13_Group__MID--AUDIO_04_R1_2013_wav--3
0.9677598665925514,0.858810450250139,0.06345733041575492,original,mp3,ORIG-MIDI_02_7_6_13_Group__MID--AUDIO_08_R1_2013_wav--4
0.9585172109443955,0.7740511915269197,0.08231173380035026,original,reverb,MIDI-UNPROCESSED_04-05_R1_2014_MID--AUDIO_04_R1_2014_wav--2
0.8546209761163032,0.5420560747663551,0.29258098223615464,original,reverb,MIDI-UNPROCESSED_09-10_R1_2014_MID--AUDIO_09_R1_2014_wav--4
0.9155190133607399,0.5627954779033917,0.16707317073170733,original,reverb,MIDI-UNPROCESSED_19-20_R1_2014_MID--AUDIO_19_R1_2014_wav--8
0.9541666666666667,0.6266666666666667,0.09393680614859094,original,reverb,MIDI-Unprocessed_01_R1_2006_01-09_ORIG_MID--AUDIO_01_R1_2006_02_Track02_wav
0.8905891354246366,0.6947207345065035,0.21798780487804878,original,reverb,MIDI-Unprocessed_01_R1_2006_01-09_ORIG_MID--AUDIO_01_R1_2006_04_Track04_wav
0.9319842608206858,0.6340640809443507,0.13580246913580246,original,reverb,MIDI-Unprocessed_04_R1_2008_01-04_ORIG_MID--AUDIO_04_R1_2008_wav--4
0.9244694132334582,0.5586766541822722,0.1528742893240682,original,reverb,MIDI-Unprocessed_05_R1_2008_01-04_ORIG_MID--AUDIO_05_R1_2008_wav--2
0.8151969981238275,0.5164165103189493,0.3517857142857143,original,reverb,MIDI-Unprocessed_08_R1_2008_01-05_ORIG_MID--AUDIO_08_R1_2008_wav--3
0.917494270435447,0.6562261268143621,0.16338880484114976,original,reverb,MIDI-Unprocessed_08_R1_2009_01-04_ORIG_MID--AUDIO_08_R1_2009_08_R1_2009_03_WAV
0.9446308724832215,0.6476510067114093,0.11301369863013698,original,reverb,MIDI-Unprocessed_10_R2_2008_01-05_ORIG_MID--AUDIO_10_R2_2008_wav--1
0.9662369551872314,0.41375076734192756,0.06798516687268233,original,reverb,MIDI-Unprocessed_12_R1_2008_01-04_ORIG_MID--AUDIO_12_R1_2008_wav--1
0.8757276638825615,0.6190837762591749,0.24009779951100244,original,reverb,MIDI-Unprocessed_14_R1_2011_MID--AUDIO_R1-D6_04_Track04_wav
0.9081714133617247,0.683524088368379,0.1793139293139293,original,reverb,MIDI-Unprocessed_15_R1_2006_01-05_ORIG_MID--AUDIO_15_R1_2006_02_Track02_wav
0.8899968837644127,0.5478342162667498,0.2213166144200627,original,reverb,MIDI-Unprocessed_17_R1_2008_01-04_ORIG_MID--AUDIO_17_R1_2008_wav--2
0.9107266435986159,0.7640138408304498,0.17842323651452283,original,reverb,MIDI-Unprocessed_17_R2_2008_01-04_ORIG_MID--AUDIO_17_R2_2008_wav--1
0.9493857493857495,0.5965601965601965,0.10218253968253968,original,reverb,MIDI-Unprocessed_19_R1_2011_MID--AUDIO_R1-D7_15_Track15_wav
0.8655737704918034,0.6836065573770491,0.26929392446633826,original,reverb,MIDI-Unprocessed_R1_D1-9-12_mid--AUDIO-from_mp3_12_R1_2015_wav--3
0.8715747771541763,0.6398151205018158,0.24840357598978288,original,reverb,MIDI-Unprocessed_Recital17-19_MID--AUDIO_17_R1_2018_wav--2
0.835820895522388,0.6242471851269966,0.3160282258064516,original,reverb,ORIG-MIDI_01_7_6_13_Group__MID--AUDIO_04_R1_2013_wav--3
0.9151973131821999,0.7299188357122866,0.16575492341356673,original,reverb,ORIG-MIDI_02_7_6_13_Group__MID--AUDIO_08_R1_2013_wav--4
0.9711033274956217,0.8835376532399298,0.05779334500875657,original,ruido,MIDI-UNPROCESSED_04-05_R1_2014_MID--AUDIO_04_R1_2014_wav--2
0.8797783933518006,0.6493074792243767,0.22675026123301986,original,ruido,MIDI-UNPROCESSED_09-10_R1_2014_MID--AUDIO_09_R1_2014_wav--4
0.9218274111675127,0.7569543147208122,0.1565040650406504,original,ruido,MIDI-UNPROCESSED_19-20_R1_2014_MID--AUDIO_19_R1_2014_wav--8
0.9773987206823027,0.814498933901919,0.04526046114432109,original,ruido,MIDI-Unprocessed_01_R1_2006_01-09_ORIG_MID--AUDIO_01_R1_2006_02_Track02_wav
0.9106449106449107,0.7008547008547008,0.17530487804878048,original,ruido,MIDI-Unprocessed_01_R1_2006_01-09_ORIG_MID--AUDIO_01_R1_2006_04_Track04_wav
0.950561797752809,0.7775280898876404,0.09876543209876543,original,ruido,MIDI-Unprocessed_04_R1_2008_01-04_ORIG_MID--AUDIO_04_R1_2008_wav--4
0.9300721229225463,0.790843524615867,0.1408717624763108,original,ruido,MIDI-Unprocessed_05_R1_2008_01-04_ORIG_MID--AUDIO_05_R1_2008_wav--2
0.851773549447968,0.6690157387831805,0.28169642857142857,original,ruido,MIDI-Unprocessed_08_R1_2008_01-05_ORIG_MID--AUDIO_08_R1_2008_wav--3
0.9254634884600833,0.699205448354143,0.14901664145234494,original,ruido,MIDI-Unprocessed_08_R1_2009_01-04_ORIG_MID--AUDIO_08_R1_2009_08_R1_2009_03_WAV
0.9682403433476394,0.8223175965665236,0.06335616438356165,original,ruido,MIDI-Unprocessed_10_R2_2008_01-05_ORIG_MID--AUDIO_10_R2_2008_wav--1
0.9851301115241635,0.6480793060718711,0.029666254635352288,original,ruido,MIDI-Unprocessed_12_R1_2008_01-04_ORIG_MID--AUDIO_12_R1_2008_wav--1
0.8958281289033225,0.7869098176367724,0.2039119804400978,original,ruido,MIDI-Unprocessed_14_R1_2011_MID--AUDIO_R1-D6_04_Track04_wav
0.9040103492884866,0.7451487710219923,0.19282744282744282,original,ruido,MIDI-Unprocessed_15_R1_2006_01-05_ORIG_MID--AUDIO_15_R1_2006_02_Track02_wav
0.9325807463154595,0.8027594857322043,0.13479623824451412,original,ruido,MIDI-Unprocessed_17_R1_2008_01-04_ORIG_MID--AUDIO_17_R1_2008_wav--2
0.9395413481584434,0.7838776928422515,0.12033195020746888,original,ruido,MIDI-Unprocessed_17_R2_2008_01-04_ORIG_MID--AUDIO_17_R2_2008_wav--1
0.9680903289150712,0.7569955817378498,0.06448412698412699,original,ruido,MIDI-Unprocessed_19_R1_2011_MID--AUDIO_R1-D7_15_Track15_wav
0.9204265791632485,0.7965545529122231,0.1592775041050903,original,ruido,MIDI-Unprocessed_R1_D1-9-12_mid--AUDIO-from_mp3_12_R1_2015_wav--3
0.8665351742274818,0.6791584483892177,0.25925925925925924,original,ruido,MIDI-Unprocessed_Recital17-19_MID--AUDIO_17_R1_2018_wav--2
0.8541882109617374,0.68717683557394,0.2842741935483871,original,ruido,ORIG-MIDI_01_7_6_13_Group__MID--AUDIO_04_R1_2013_wav--3
0.9431078403622984,0.7970563260684971,0.10995623632385121,original,ruido,ORIG-MIDI_02_7_6_13_Group__MID--AUDIO_08_R1_2013_wav--4
0.9907529722589168,0.9405548216644649,0.01838879159369527,original_norm,bajo,MIDI-UNPROCESSED_04-05_R1_2014_MID--AUDIO_04_R1_2014_wav--2
0.962962962962963,0.7936507936507937,0.07314524555903866,original_norm,bajo,MIDI-UNPROCESSED_09-10_R1_2014_MID--AUDIO_09_R1_2014_wav--4
0.9626129827444535,0.8410024650780609,0.07398373983739838,original_norm,bajo,MIDI-UNPROCESSED_19-20_R1_2014_MID--AUDIO_19_R1_2014_wav--8
0.9952850407201028,0.8966995285040721,0.009393680614859094,original_norm,bajo,MIDI-Unprocessed_01_R1_2006_01-09_ORIG_MID--AUDIO_01_R1_2006_02_Track02_wav
0.9542280837858805,0.8161365399534523,0.0899390243902439,original_norm,bajo,MIDI-Unprocessed_01_R1_2006_01-09_ORIG_MID--AUDIO_01_R1_2006_04_Track04_wav
0.9713322091062394,0.8454187745924677,0.05723905723905724,original_norm,bajo,MIDI-Unprocessed_04_R1_2008_01-04_ORIG_MID--AUDIO_04_R1_2008_wav--4
0.969638862256312,0.8673697666986259,0.06001263423878711,original_norm,bajo,MIDI-Unprocessed_05_R1_2008_01-04_ORIG_MID--AUDIO_05_R1_2008_wav--2
0.9188304093567251,0.792514619883041,0.1549107142857143,original_norm,bajo,MIDI-Unprocessed_08_R1_2008_01-05_ORIG_MID--AUDIO_08_R1_2008_wav--3
0.9693016116653875,0.809669992325403,0.060514372163388806,original_norm,bajo,MIDI-Unprocessed_08_R1_2009_01-04_ORIG_MID--AUDIO_08_R1_2009_08_R1_2009_03_WAV
0.9871023215821152,0.9045571797076525,0.025684931506849314,original_norm,bajo,MIDI-Unprocessed_10_R2_2008_01-05_ORIG_MID--AUDIO_10_R2_2008_wav--1
0.9950556242274413,0.757725587144623,0.009888751545117428,original_norm,bajo,MIDI-Unprocessed_12_R1_2008_01-04_ORIG_MID--AUDIO_12_R1_2008_wav--1
0.9295558958652372,0.8381827462991323,0.1349633251833741,original_norm,bajo,MIDI-Unprocessed_14_R1_2011_MID--AUDIO_R1-D6_04_Track04_wav
0.9560819803034336,0.8352408836837902,0.08575883575883576,original_norm,bajo,MIDI-Unprocessed_15_R1_2006_01-05_ORIG_MID--AUDIO_15_R1_2006_02_Track02_wav
0.9659993644741023,0.8700349539243724,0.0670846394984326,original_norm,bajo,MIDI-Unprocessed_17_R1_2008_01-04_ORIG_MID--AUDIO_17_R1_2008_wav--2
0.9717912552891397,0.8674188998589563,0.05532503457814661,original_norm,bajo,MIDI-Unprocessed_17_R2_2008_01-04_ORIG_MID--AUDIO_17_R2_2008_wav--1
0.9910358565737053,0.8187250996015937,0.017857142857142856,original_norm,bajo,MIDI-Unprocessed_19_R1_2011_MID--AUDIO_R1-D7_15_Track15_wav
0.9615861214374226,0.8608013217678644,0.07635467980295567,original_norm,bajo,MIDI-Unprocessed_R1_D1-9-12_mid--AUDIO-from_mp3_12_R1_2015_wav--3
0.9203305785123967,0.7682644628099173,0.15389527458492977,original_norm,bajo,MIDI-Unprocessed_Recital17-19_MID--AUDIO_17_R1_2018_wav--2
0.8982161594963274,0.7618048268625393,0.19556451612903225,original_norm,bajo,ORIG-MIDI_01_7_6_13_Group__MID--AUDIO_04_R1_2013_wav--3
0.9716035634743875,0.869153674832962,0.05579868708971553,original_norm,bajo,ORIG-MIDI_02_7_6_13_Group__MID--AUDIO_08_R1_2013_wav--4
0.8771466314398944,0.6103038309114927,0.24430823117338005,original_norm,celular,MIDI-UNPROCESSED_04-05_R1_2014_MID--AUDIO_04_R1_2014_wav--2
0.7331701346389228,0.3586291309669523,0.4555903866248694,original_norm,celular,MIDI-UNPROCESSED_09-10_R1_2014_MID--AUDIO_09_R1_2014_wav--4
0.7500519426553086,0.36442966964471224,0.48902439024390243,original_norm,celular,MIDI-UNPROCESSED_19-20_R1_2014_MID--AUDIO_19_R1_2014_wav--8
0.9311986153180442,0.5495456512332324,0.13578138343296328,original_norm,celular,MIDI-Unprocessed_01_R1_2006_01-09_ORIG_MID--AUDIO_01_R1_2006_02_Track02_wav
0.7728813559322033,0.48983050847457626,0.40853658536585363,original_norm,celular,MIDI-Unprocessed_01_R1_2006_01-09_ORIG_MID--AUDIO_01_R1_2006_04_Track04_wav
0.8438681793625068,0.4754186925985953,0.32435465768799104,original_norm,celular,MIDI-Unprocessed_04_R1_2008_01-04_ORIG_MID--AUDIO_04_R1_2008_wav--4
0.789102564102564,0.3346153846153846,0.4156664560960202,original_norm,celular,MIDI-Unprocessed_05_R1_2008_01-04_ORIG_MID--AUDIO_05_R1_2008_wav--2
0.6269644334160464,0.25861593603529087,0.6040178571428572,original_norm,celular,MIDI-Unprocessed_08_R1_2008_01-05_ORIG_MID--AUDIO_08_R1_2008_wav--3
0.7466887417218543,0.39321192052980136,0.4629349470499244,original_norm,celular,MIDI-Unprocessed_08_R1_2009_01-04_ORIG_MID--AUDIO_08_R1_2009_08_R1_2009_03_WAV
0.8490230905861457,0.4689165186500888,0.2910958904109589,original_norm,celular,MIDI-Unprocessed_10_R2_2008_01-05_ORIG_MID--AUDIO_10_R2_2008_wav--1
0.8955414012738854,0.2394904458598726,0.2027194066749073,original_norm,celular,MIDI-Unprocessed_12_R1_2008_01-04_ORIG_MID--AUDIO_12_R1_2008_wav--1
0.7884717080909572,0.5055526176626124,0.39119804400978,original_norm,celular,MIDI-Unprocessed_14_R1_2011_MID--AUDIO_R1-D6_04_Track04_wav
0.8151027207107162,0.5019433647973348,0.34615384615384615,original_norm,celular,MIDI-Unprocessed_15_R1_2006_01-05_ORIG_MID--AUDIO_15_R1_2006_02_Track02_wav
0.80249343832021,0.44225721784776906,0.3774294670846395,original_norm,celular,MIDI-Unprocessed_17_R1_2008_01-04_ORIG_MID--AUDIO_17_R1_2008_wav--2
0.7907335907335907,0.4864864864864865,0.3748271092669433,original_norm,celular,MIDI-Unprocessed_17_R2_2008_01-04_ORIG_MID--AUDIO_17_R2_2008_wav--1
0.8758371973209685,0.49459041731066455,0.2390873015873016,original_norm,celular,MIDI-Unprocessed_19_R1_2011_MID--AUDIO_R1-D7_15_Track15_wav
0.707807386629266,0.44974287050023376,0.513136288998358,original_norm,celular,MIDI-Unprocessed_R1_D1-9-12_mid--AUDIO-from_mp3_12_R1_2015_wav--3
0.6535341830822712,0.3453070683661646,0.5727969348659003,original_norm,celular,MIDI-Unprocessed_Recital17-19_MID--AUDIO_17_R1_2018_wav--2
0.7071642604195043,0.4478343775538,0.5418346774193549,original_norm,celular,ORIG-MIDI_01_7_6_13_Group__MID--AUDIO_04_R1_2013_wav--3
0.8214496169711254,0.5662934590453742,0.33150984682713347,original_norm,celular,ORIG-MIDI_02_7_6_13_Group__MID--AUDIO_08_R1_2013_wav--4
0.9907529722589168,0.9405548216644649,0.01838879159369527,original_norm,limpio,MIDI-UNPROCESSED_04-05_R1_2014_MID--AUDIO_04_R1_2014_wav--2
0.962962962962963,0.7936507936507937,0.07314524555903866,original_norm,limpio,MIDI-UNPROCESSED_09-10_R1_2014_MID--AUDIO_09_R1_2014_wav--4
0.9626129827444535,0.8410024650780609,0.07398373983739838,original_norm,limpio,MIDI-UNPROCESSED_19-20_R1_2014_MID--AUDIO_19_R1_2014_wav--8
0.9952850407201028,0.8966995285040721,0.009393680614859094,original_norm,limpio,MIDI-Unprocessed_01_R1_2006_01-09_ORIG_MID--AUDIO_01_R1_2006_02_Track02_wav
0.9542280837858805,0.8161365399534523,0.0899390243902439,original_norm,limpio,MIDI-Unprocessed_01_R1_2006_01-09_ORIG_MID--AUDIO_01_R1_2006_04_Track04_wav
0.9713322091062394,0.8454187745924677,0.05723905723905724,original_norm,limpio,MIDI-Unprocessed_04_R1_2008_01-04_ORIG_MID--AUDIO_04_R1_2008_wav--4
0.969638862256312,0.8673697666986259,0.06001263423878711,original_norm,limpio,MIDI-Unprocessed_05_R1_2008_01-04_ORIG_MID--AUDIO_05_R1_2008_wav--2
0.9188304093567251,0.792514619883041,0.1549107142857143,original_norm,limpio,MIDI-Unprocessed_08_R1_2008_01-05_ORIG_MID--AUDIO_08_R1_2008_wav--3
0.9693016116653875,0.809669992325403,0.060514372163388806,original_norm,limpio,MIDI-Unprocessed_08_R1_2009_01-04_ORIG_MID--AUDIO_08_R1_2009_08_R1_2009_03_WAV
0.9871023215821152,0.9045571797076525,0.025684931506849314,original_norm,limpio,MIDI-Unprocessed_10_R2_2008_01-05_ORIG_MID--AUDIO_10_R2_2008_wav--1
0.9950556242274413,0.757725587144623,0.009888751545117428,original_norm,limpio,MIDI-Unprocessed_12_R1_2008_01-04_ORIG_MID--AUDIO_12_R1_2008_wav--1
0.9295558958652372,0.8381827462991323,0.1349633251833741,original_norm,limpio,MIDI-Unprocessed_14_R1_2011_MID--AUDIO_R1-D6_04_Track04_wav
0.9560819803034336,0.8352408836837902,0.08575883575883576,original_norm,limpio,MIDI-Unprocessed_15_R1_2006_01-05_ORIG_MID--AUDIO_15_R1_2006_02_Track02_wav
0.9659993644741023,0.8700349539243724,0.0670846394984326,original_norm,limpio,MIDI-Unprocessed_17_R1_2008_01-04_ORIG_MID--AUDIO_17_R1_2008_wav--2
0.9717912552891397,0.8674188998589563,0.05532503457814661,original_norm,limpio,MIDI-Unprocessed_17_R2_2008_01-04_ORIG_MID--AUDIO_17_R2_2008_wav--1
0.9910358565737053,0.8187250996015937,0.017857142857142856,original_norm,limpio,MIDI-Unprocessed_19_R1_2011_MID--AUDIO_R1-D7_15_Track15_wav
0.9615861214374226,0.8608013217678644,0.07635467980295567,original_norm,limpio,MIDI-Unprocessed_R1_D1-9-12_mid--AUDIO-from_mp3_12_R1_2015_wav--3
0.9203305785123967,0.7682644628099173,0.15389527458492977,original_norm,limpio,MIDI-Unprocessed_Recital17-19_MID--AUDIO_17_R1_2018_wav--2
0.8982161594963274,0.7618048268625393,0.19556451612903225,original_norm,limpio,ORIG-MIDI_01_7_6_13_Group__MID--AUDIO_04_R1_2013_wav--3
0.9716035634743875,0.869153674832962,0.05579868708971553,original_norm,limpio,ORIG-MIDI_02_7_6_13_Group__MID--AUDIO_08_R1_2013_wav--4
0.9925208974923009,0.9309282886053674,0.0148861646234676,original_norm,mp3,MIDI-UNPROCESSED_04-05_R1_2014_MID--AUDIO_04_R1_2014_wav--2
0.9478623566214807,0.7601668404588112,0.1044932079414838,original_norm,mp3,MIDI-UNPROCESSED_09-10_R1_2014_MID--AUDIO_09_R1_2014_wav--4
0.9575558745130204,0.8181258970678698,0.08414634146341464,original_norm,mp3,MIDI-UNPROCESSED_19-20_R1_2014_MID--AUDIO_19_R1_2014_wav--8
0.9927257167308515,0.8925973470261017,0.014517506404782237,original_norm,mp3,MIDI-Unprocessed_01_R1_2006_01-09_ORIG_MID--AUDIO_01_R1_2006_02_Track02_wav
0.9505409582689335,0.8083462132921174,0.0975609756097561,original_norm,mp3,MIDI-Unprocessed_01_R1_2006_01-09_ORIG_MID--AUDIO_01_R1_2006_04_Track04_wav
0.9646662927650029,0.8244531688166012,0.0707070707070707,original_norm,mp3,MIDI-Unprocessed_04_R1_2008_01-04_ORIG_MID--AUDIO_04_R1_2008_wav--4
0.9622581668252458,0.8506184586108468,0.07517372078332281,original_norm,mp3,MIDI-Unprocessed_05_R1_2008_01-04_ORIG_MID--AUDIO_05_R1_2008_wav--2
0.9096005606166783,0.774118196683018,0.17276785714285714,original_norm,mp3,MIDI-Unprocessed_08_R1_2008_01-05_ORIG_MID--AUDIO_08_R1_2008_wav--3
0.9686544342507646,0.805045871559633,0.06202723146747353,original_norm,mp3,MIDI-Unprocessed_08_R1_2009_01-04_ORIG_MID--AUDIO_08_R1_2009_08_R1_2009_03_WAV
0.9829351535836177,0.8890784982935153,0.03424657534246575,original_norm,mp3,MIDI-Unprocessed_10_R2_2008_01-05_ORIG_MID--AUDIO_10_R2_2008_wav--1
0.9956763434218653,0.7164916615194564,0.00865265760197775,original_norm,mp3,MIDI-Unprocessed_12_R1_2008_01-04_ORIG_MID--AUDIO_12_R1_2008_wav--1
0.9259070005109862,0.8369954011241696,0.14180929095354522,original_norm,mp3,MIDI-Unprocessed_14_R1_2011_MID--AUDIO_R1-D6_04_Track04_wav
0.9531125827814569,0.8280794701986754,0.091995841995842,original_norm,mp3,MIDI-Unprocessed_15_R1_2006_01-05_ORIG_MID--AUDIO_15_R1_2006_02_Track02_wav
0.9637566971320518,0.8540813110620864,0.07210031347962383,original_norm,mp3,MIDI-Unprocessed_17_R1_2008_01-04_ORIG_MID--AUDIO_17_R1_2008_wav--2
0.9615653389238294,0.8469601677148847,0.07607192254495158,original_norm,mp3,MIDI-Unprocessed_17_R2_2008_01-04_ORIG_MID--AUDIO_17_R2_2008_wav--1
0.9851190476190477,0.7986111111111112,0.02976190476190476,original_norm,mp3,MIDI-Unprocessed_19_R1_2011_MID--AUDIO_R1-D7_15_Track15_wav
0.9583161370202229,0.8526619892695005,0.08292282430213464,original_norm,mp3,MIDI-Unprocessed_R1_D1-9-12_mid--AUDIO-from_mp3_12_R1_2015_wav--3
0.9144367360422861,0.7604889329369012,0.16538952745849297,original_norm,mp3,MIDI-Unprocessed_Recital17-19_MID--AUDIO_17_R1_2018_wav--2
0.8835257082896117,0.7366211962224554,0.22379032258064516,original_norm,mp3,ORIG-MIDI_01_7_6_13_Group__MID--AUDIO_04_R1_2013_wav--3
0.9683860232945093,0.8613422074320576,0.06236323851203501,original_norm,mp3,ORIG-MIDI_02_7_6_13_Group__MID--AUDIO_08_R1_2013_wav--4
0.9550021843599825,0.7776321537789426,0.09019264448336252,original_norm,reverb,MIDI-UNPROCESSED_04-05_R1_2014_MID--AUDIO_04_R1_2014_wav--2
0.8370221327967806,0.5181086519114687,0.3385579937304075,original_norm,reverb,MIDI-UNPROCESSED_09-10_R1_2014_MID--AUDIO_09_R1_2014_wav--4
0.9122231337161607,0.5557834290401968,0.17398373983739837,original_norm,reverb,MIDI-UNPROCESSED_19-20_R1_2014_MID--AUDIO_19_R1_2014_wav--8
0.9609079445145019,0.6532156368221942,0.07941929974380871,original_norm,reverb,MIDI-Unprocessed_01_R1_2006_01-09_ORIG_MID--AUDIO_01_R1_2006_02_Track02_wav
0.891271056661562,0.6967840735068912,0.21646341463414634,original_norm,reverb,MIDI-Unprocessed_01_R1_2006_01-09_ORIG_MID--AUDIO_01_R1_2006_04_Track04_wav
0.9253065774804905,0.6231884057971016,0.15039281705948374,original_norm,reverb,MIDI-Unprocessed_04_R1_2008_01-04_ORIG_MID--AUDIO_04_R1_2008_wav--4
0.9243277048155097,0.567854909318324,0.1528742893240682,original_norm,reverb,MIDI-Unprocessed_05_R1_2008_01-04_ORIG_MID--AUDIO_05_R1_2008_wav--2
0.8182889465001179,0.5269856233796841,0.34419642857142857,original_norm,reverb,MIDI-Unprocessed_08_R1_2008_01-05_ORIG_MID--AUDIO_08_R1_2008_wav--3
0.9186712485681557,0.6575028636884307,0.16111951588502268,original_norm,reverb,MIDI-Unprocessed_08_R1_2009_01-04_ORIG_MID--AUDIO_08_R1_2009_08_R1_2009_03_WAV
0.94314381270903,0.6371237458193979,0.11643835616438356,original_norm,reverb,MIDI-Unprocessed_10_R2_2008_01-05_ORIG_MID--AUDIO_10_R2_2008_wav--1
0.9656441717791411,0.3938650306748466,0.069221260815822,original_norm,reverb,MIDI-Unprocessed_12_R1_2008_01-04_ORIG_MID--AUDIO_12_R1_2008_wav--1
0.8822029576746558,0.637939826619072,0.22591687041564792,original_norm,reverb,MIDI-Unprocessed_14_R1_2011_MID--AUDIO_R1-D6_04_Track04_wav
0.8980686695278969,0.6802575107296137,0.19750519750519752,original_norm,reverb,MIDI-Unprocessed_15_R1_2006_01-05_ORIG_MID--AUDIO_15_R1_2006_02_Track02_wav
0.8899968837644127,0.5484574633842318,0.2213166144200627,original_norm,reverb,MIDI-Unprocessed_17_R1_2008_01-04_ORIG_MID--AUDIO_17_R1_2008_wav--2
0.9078498293515358,0.764505119453925,0.18672199170124482,original_norm,reverb,MIDI-Unprocessed_17_R2_2008_01-04_ORIG_MID--AUDIO_17_R2_2008_wav--1
0.9493857493857495,0.5965601965601965,0.10218253968253968,original_norm,reverb,MIDI-Unprocessed_19_R1_2011_MID--AUDIO_R1-D7_15_Track15_wav
0.8632686084142394,0.679611650485437,0.277504105090312,original_norm,reverb,MIDI-Unprocessed_R1_D1-9-12_mid--AUDIO-from_mp3_12_R1_2015_wav--3
0.8733884297520662,0.646611570247934,0.2445721583652618,original_norm,reverb,MIDI-Unprocessed_Recital17-19_MID--AUDIO_17_R1_2018_wav--2
0.8354363827549949,0.6240799158780231,0.3155241935483871,original_norm,reverb,ORIG-MIDI_01_7_6_13_Group__MID--AUDIO_04_R1_2013_wav--3
0.9120177629752985,0.7271718012767139,0.17341356673960612,original_norm,reverb,ORIG-MIDI_02_7_6_13_Group__MID--AUDIO_08_R1_2013_wav--4
0.9660574412532635,0.8798955613577024,0.06830122591943957,original_norm,ruido,MIDI-UNPROCESSED_04-05_R1_2014_MID--AUDIO_04_R1_2014_wav--2
0.8639644641865631,0.6396446418656303,0.2560083594566353,original_norm,ruido,MIDI-UNPROCESSED_09-10_R1_2014_MID--AUDIO_09_R1_2014_wav--4
0.9192346424974823,0.7548841893252769,0.1630081300813008,original_norm,ruido,MIDI-UNPROCESSED_19-20_R1_2014_MID--AUDIO_19_R1_2014_wav--8
0.9845890410958904,0.8261986301369862,0.030742954739538857,original_norm,ruido,MIDI-Unprocessed_01_R1_2006_01-09_ORIG_MID--AUDIO_01_R1_2006_02_Track02_wav
0.9056897895557288,0.6968043647700701,0.18445121951219512,original_norm,ruido,MIDI-Unprocessed_01_R1_2006_01-09_ORIG_MID--AUDIO_01_R1_2006_04_Track04_wav
0.9484882418812991,0.7782754759238523,0.10325476992143659,original_norm,ruido,MIDI-Unprocessed_04_R1_2008_01-04_ORIG_MID--AUDIO_04_R1_2008_wav--4
0.9333333333333333,0.7924528301886792,0.13392293114339862,original_norm,ruido,MIDI-Unprocessed_05_R1_2008_01-04_ORIG_MID--AUDIO_05_R1_2008_wav--2
0.8551203397829165,0.6762623879188296,0.2741071428571429,original_norm,ruido,MIDI-Unprocessed_08_R1_2008_01-05_ORIG_MID--AUDIO_08_R1_2008_wav--3
0.9261083743842364,0.7010231148162183,0.1475037821482602,original_norm,ruido,MIDI-Unprocessed_08_R1_2009_01-04_ORIG_MID--AUDIO_08_R1_2009_08_R1_2009_03_WAV
0.9674657534246576,0.8167808219178082,0.06506849315068493,original_norm,ruido,MIDI-Unprocessed_10_R2_2008_01-05_ORIG_MID--AUDIO_10_R2_2008_wav--1
0.9832610043397396,0.6509609423434594,0.03337453646477132,original_norm,ruido,MIDI-Unprocessed_12_R1_2008_01-04_ORIG_MID--AUDIO_12_R1_2008_wav--1
0.8941117007834218,0.787465251453121,0.20488997555012226,original_norm,ruido,MIDI-Unprocessed_14_R1_2011_MID--AUDIO_R1-D6_04_Track04_wav
0.9092339979013642,0.7465897166841553,0.17983367983367984,original_norm,ruido,MIDI-Unprocessed_15_R1_2006_01-05_ORIG_MID--AUDIO_15_R1_2006_02_Track02_wav
0.933835058011916,0.8058952649733457,0.1322884012539185,original_norm,ruido,MIDI-Unprocessed_17_R1_2008_01-04_ORIG_MID--AUDIO_17_R1_2008_wav--2
0.9216909216909218,0.7539847539847541,0.15629322268326418,original_norm,ruido,MIDI-Unprocessed_17_R2_2008_01-04_ORIG_MID--AUDIO_17_R2_2008_wav--1
0.9685658153241651,0.7622789783889982,0.06349206349206349,original_norm,ruido,MIDI-Unprocessed_19_R1_2011_MID--AUDIO_R1-D7_15_Track15_wav
0.9109477124183007,0.7892156862745099,0.17898193760262726,original_norm,ruido,MIDI-Unprocessed_R1_D1-9-12_mid--AUDIO-from_mp3_12_R1_2015_wav--3
0.8685939553219448,0.6813403416557161,0.2554278416347382,original_norm,ruido,MIDI-Unprocessed_Recital17-19_MID--AUDIO_17_R1_2018_wav--2
0.8535954474909467,0.6849456802897051,0.2852822580645161,original_norm,ruido,ORIG-MIDI_01_7_6_13_Group__MID--AUDIO_04_R1_2013_wav--3
0.9420045045045045,0.7933558558558558,0.11269146608315099,original_norm,ruido,ORIG-MIDI_02_7_6_13_Group__MID--AUDIO_08_R1_2013_wav--4
