f1_onset,f1_note,ner,source,condition,work,latency_norm
0.8861098704778918,0.610093791871371,0.22329246935201402,maestro,celular,MIDI-UNPROCESSED_04-05_R1_2014_MID--AUDIO_04_R1_2014_wav--2,0.0892695128917694
0.7648114901256733,0.3973668461998803,0.4106583072100313,maestro,celular,MIDI-UNPROCESSED_09-10_R1_2014_MID--AUDIO_09_R1_2014_wav--4,0.08479963541030884
0.7572410918941447,0.38591373202750573,0.4735772357723577,maestro,celular,MIDI-UNPROCESSED_19-20_R1_2014_MID--AUDIO_19_R1_2014_wav--8,0.08576083183288574
0.9131190269331017,0.4613379669852302,0.1707941929974381,maestro,celular,MIDI-Unprocessed_01_R1_2006_01-09_ORIG_MID--AUDIO_01_R1_2006_02_Track02_wav,0.08256083726882935
0.768839966130398,0.4809483488569009,0.41615853658536583,maestro,celular,MIDI-Unprocessed_01_R1_2006_01-09_ORIG_MID--AUDIO_01_R1_2006_04_Track04_wav,0.08194158474604289
0.8613698630136988,0.5172602739726028,0.2839506172839506,maestro,celular,MIDI-Unprocessed_04_R1_2008_01-04_ORIG_MID--AUDIO_04_R1_2008_wav--4,0.08561758001645406
0.7849393746011487,0.32163369495851946,0.4257738471257107,maestro,celular,MIDI-Unprocessed_05_R1_2008_01-04_ORIG_MID--AUDIO_05_R1_2008_wav--2,0.0825113316377004
0.6107717934480844,0.2448639644641866,0.6258928571428571,maestro,celular,MIDI-Unprocessed_08_R1_2008_01-05_ORIG_MID--AUDIO_08_R1_2008_wav--3,0.08594174981117249
0.7460711331679074,0.39205955334987586,0.46444780635400906,maestro,celular,MIDI-Unprocessed_08_R1_2009_01-04_ORIG_MID--AUDIO_08_R1_2009_08_R1_2009_03_WAV,0.08187675277392069
0.8576419213973799,0.47860262008733623,0.2791095890410959,maestro,celular,MIDI-Unprocessed_10_R2_2008_01-05_ORIG_MID--AUDIO_10_R2_2008_wav--1,0.08137863661712275
0.9137822529893015,0.28697293895531784,0.16934487021013597,maestro,celular,MIDI-Unprocessed_12_R1_2008_01-04_ORIG_MID--AUDIO_12_R1_2008_wav--1,0.07913304964701334
0.7752100840336135,0.4810924369747899,0.41858190709046456,maestro,celular,MIDI-Unprocessed_14_R1_2011_MID--AUDIO_R1-D6_04_Track04_wav,0.08504313826560975
0.8151842615683015,0.49709060681629264,0.34667359667359665,maestro,celular,MIDI-Unprocessed_15_R1_2006_01-05_ORIG_MID--AUDIO_15_R1_2006_02_Track02_wav,0.08718677759170532
0.802233902759527,0.4408672798948752,0.3774294670846395,maestro,celular,MIDI-Unprocessed_17_R1_2008_01-04_ORIG_MID--AUDIO_17_R1_2008_wav--2,0.08140695889790853
0.824404761904762,0.5282738095238095,0.326417704011065,maestro,celular,MIDI-Unprocessed_17_R2_2008_01-04_ORIG_MID--AUDIO_17_R2_2008_wav--1,0.07977974017461141
0.875,0.49173553719008267,0.2400793650793651,maestro,celular,MIDI-Unprocessed_19_R1_2011_MID--AUDIO_R1-D7_15_Track15_wav,0.08226446111996968
0.7307512832477835,0.45916938870741947,0.47372742200328405,maestro,celular,MIDI-Unprocessed_R1_D1-9-12_mid--AUDIO-from_mp3_12_R1_2015_wav--3,0.08208704193433126
0.6444358278402482,0.3443195036835983,0.5855683269476373,maestro,celular,MIDI-Unprocessed_Recital17-19_MID--AUDIO_17_R1_2018_wav--2,0.08293624520301819
0.7061379684953829,0.44432373709940254,0.5453629032258065,maestro,celular,ORIG-MIDI_01_7_6_13_Group__MID--AUDIO_04_R1_2013_wav--3,0.08413549661636352
0.8288501330180313,0.5645876441028673,0.31673960612691465,maestro,celular,ORIG-MIDI_02_7_6_13_Group__MID--AUDIO_08_R1_2013_wav--4,0.08195231954256693
0.9894273127753302,0.9312775330396476,0.021015761821366025,maestro,limpio,MIDI-UNPROCESSED_04-05_R1_2014_MID--AUDIO_04_R1_2014_wav--2,0.08697232007980346
0.9642285104111051,0.7955152162306461,0.07001044932079414,maestro,limpio,MIDI-UNPROCESSED_09-10_R1_2014_MID--AUDIO_09_R1_2014_wav--4,0.08387500643730164
0.9621554915672563,0.8432743726861374,0.07479674796747968,maestro,limpio,MIDI-UNPROCESSED_19-20_R1_2014_MID--AUDIO_19_R1_2014_wav--8,0.08517068028450012
0.9957191780821918,0.9006849315068493,0.008539709649871904,maestro,limpio,MIDI-Unprocessed_01_R1_2006_01-09_ORIG_MID--AUDIO_01_R1_2006_02_Track02_wav,0.08279327154159546
0.9548989113530326,0.8195956454121306,0.08841463414634146,maestro,limpio,MIDI-Unprocessed_01_R1_2006_01-09_ORIG_MID--AUDIO_01_R1_2006_04_Track04_wav,0.0821019689242045
0.9734912577552172,0.8494077834179357,0.052749719416386086,maestro,limpio,MIDI-Unprocessed_04_R1_2008_01-04_ORIG_MID--AUDIO_04_R1_2008_wav--4,0.08349407116572062
0.9680715197956578,0.8652618135376755,0.06317119393556538,maestro,limpio,MIDI-Unprocessed_05_R1_2008_01-04_ORIG_MID--AUDIO_05_R1_2008_wav--2,0.08121789693832397
0.9219659911483812,0.8013044491031913,0.14955357142857142,maestro,limpio,MIDI-Unprocessed_08_R1_2008_01-05_ORIG_MID--AUDIO_08_R1_2008_wav--3,0.08496187130610149
0.9696737044145873,0.8084452975047985,0.059757942511346446,maestro,limpio,MIDI-Unprocessed_08_R1_2009_01-04_ORIG_MID--AUDIO_08_R1_2009_08_R1_2009_03_WAV,0.08120149970054627
0.9862542955326461,0.8900343642611683,0.0273972602739726,maestro,limpio,MIDI-Unprocessed_10_R2_2008_01-05_ORIG_MID--AUDIO_10_R2_2008_wav--1,0.08121568349479323
0.9950495049504949,0.766089108910891,0.009888751545117428,maestro,limpio,MIDI-Unprocessed_12_R1_2008_01-04_ORIG_MID--AUDIO_12_R1_2008_wav--1,0.08807387948036194
0.9327581832022329,0.8469931489469679,0.1295843520782396,maestro,limpio,MIDI-Unprocessed_14_R1_2011_MID--AUDIO_R1-D6_04_Track04_wav,0.0853373905022939
0.9573057544417927,0.841156191991514,0.08367983367983368,maestro,limpio,MIDI-Unprocessed_15_R1_2006_01-05_ORIG_MID--AUDIO_15_R1_2006_02_Track02_wav,0.08492819269498189
0.9666348903717826,0.8674928503336511,0.06583072100313479,maestro,limpio,MIDI-Unprocessed_17_R1_2008_01-04_ORIG_MID--AUDIO_17_R1_2008_wav--2,0.08130664030710856
0.9732394366197182,0.8633802816901409,0.05255878284923928,maestro,limpio,MIDI-Unprocessed_17_R2_2008_01-04_ORIG_MID--AUDIO_17_R2_2008_wav--1,0.0801960011323293
0.9910358565737053,0.8177290836653386,0.017857142857142856,maestro,limpio,MIDI-Unprocessed_19_R1_2011_MID--AUDIO_R1-D7_15_Track15_wav,0.08266497254371644
0.958904109589041,0.8542963885429639,0.0812807881773399,maestro,limpio,MIDI-Unprocessed_R1_D1-9-12_mid--AUDIO-from_mp3_12_R1_2015_wav--3,0.08018972277641297
0.9200792602377807,0.7694848084544254,0.1545338441890166,maestro,limpio,MIDI-Unprocessed_Recital17-19_MID--AUDIO_17_R1_2018_wav--2,0.08258785804112752
0.8990825688073394,0.7638269986893841,0.19405241935483872,maestro,limpio,ORIG-MIDI_01_7_6_13_Group__MID--AUDIO_04_R1_2013_wav--3,0.08470336000124613
0.9715401785714286,0.8677455357142857,0.05579868708971553,maestro,limpio,ORIG-MIDI_02_7_6_13_Group__MID--AUDIO_08_R1_2013_wav--4,0.0833631177743276
0.9920774647887324,0.9242957746478874,0.01576182136602452,maestro,mp3,MIDI-UNPROCESSED_04-05_R1_2014_MID--AUDIO_04_R1_2014_wav--2,0.09065922697385152
0.9543307086614173,0.779002624671916,0.09090909090909091,maestro,mp3,MIDI-UNPROCESSED_09-10_R1_2014_MID--AUDIO_09_R1_2014_wav--4,0.08494766354560852
0.9596063153578018,0.8164855443920443,0.08008130081300813,maestro,mp3,MIDI-UNPROCESSED_19-20_R1_2014_MID--AUDIO_19_R1_2014_wav--8,0.08709678649902344
0.99017513882956,0.8850918410935497,0.01964133219470538,maestro,mp3,MIDI-Unprocessed_01_R1_2006_01-09_ORIG_MID--AUDIO_01_R1_2006_02_Track02_wav,0.08407922188440958
0.9505409582689335,0.8083462132921174,0.0975609756097561,maestro,mp3,MIDI-Unprocessed_01_R1_2006_01-09_ORIG_MID--AUDIO_01_R1_2006_04_Track04_wav,0.08174465696016947
0.9695945945945947,0.829954954954955,0.06060606060606061,maestro,mp3,MIDI-Unprocessed_04_R1_2008_01-04_ORIG_MID--AUDIO_04_R1_2008_wav--4,0.08543606003125509
0.9619289340101523,0.8464467005076142,0.07580543272267846,maestro,mp3,MIDI-Unprocessed_05_R1_2008_01-04_ORIG_MID--AUDIO_05_R1_2008_wav--2,0.08187446594238282
0.9112453531598513,0.770910780669145,0.1705357142857143,maestro,mp3,MIDI-Unprocessed_08_R1_2008_01-05_ORIG_MID--AUDIO_08_R1_2008_wav--3,0.08584048946698507
0.9686544342507646,0.805045871559633,0.06202723146747353,maestro,mp3,MIDI-Unprocessed_08_R1_2009_01-04_ORIG_MID--AUDIO_08_R1_2009_08_R1_2009_03_WAV,0.08138330181439718
0.9812606473594548,0.8807495741056218,0.03767123287671233,maestro,mp3,MIDI-Unprocessed_10_R2_2008_01-05_ORIG_MID--AUDIO_10_R2_2008_wav--1,0.08229993689345055
0.9962917181705809,0.7169344870210136,0.007416563658838072,maestro,mp3,MIDI-Unprocessed_12_R1_2008_01-04_ORIG_MID--AUDIO_12_R1_2008_wav--1,0.07995060086250305
0.930421533773489,0.840528186896902,0.13398533007334965,maestro,mp3,MIDI-Unprocessed_14_R1_2011_MID--AUDIO_R1-D6_04_Track04_wav,0.08519851167996724
0.9532611565883284,0.8333773435437021,0.091995841995842,maestro,mp3,MIDI-Unprocessed_15_R1_2006_01-05_ORIG_MID--AUDIO_15_R1_2006_02_Track02_wav,0.08671693603197733
0.9640605296343002,0.8562421185372007,0.07147335423197493,maestro,mp3,MIDI-Unprocessed_17_R1_2008_01-04_ORIG_MID--AUDIO_17_R1_2008_wav--2,0.08274631102879842
0.9655657062543921,0.8475052705551652,0.0677731673582296,maestro,mp3,MIDI-Unprocessed_17_R2_2008_01-04_ORIG_MID--AUDIO_17_R2_2008_wav--1,0.08012463649113973
0.9851190476190477,0.7986111111111112,0.02976190476190476,maestro,mp3,MIDI-Unprocessed_19_R1_2011_MID--AUDIO_R1-D7_15_Track15_wav,0.08291403452555339
0.9610927152317881,0.8509933774834436,0.07717569786535304,maestro,mp3,MIDI-Unprocessed_R1_D1-9-12_mid--AUDIO-from_mp3_12_R1_2015_wav--3,0.08127205570538838
0.9135313531353135,0.7557755775577558,0.1673052362707535,maestro,mp3,MIDI-Unprocessed_Recital17-19_MID--AUDIO_17_R1_2018_wav--2,0.08250282406806946
0.8835257082896117,0.7360965372507869,0.22379032258064516,maestro,mp3,ORIG-MIDI_01_7_6_13_Group__MID--AUDIO_04_R1_2013_wav--3,0.08440713286399841
0.9677598665925514,0.858810450250139,0.06345733041575492,maestro,mp3,ORIG-MIDI_02_7_6_13_Group__MID--AUDIO_08_R1_2013_wav--4,0.08230797449747722
0.9585172109443955,0.7740511915269197,0.08231173380035026,maestro,reverb,MIDI-UNPROCESSED_04-05_R1_2014_MID--AUDIO_04_R1_2014_wav--2,0.08741421500841777
0.8546209761163032,0.5420560747663551,0.29258098223615464,maestro,reverb,MIDI-UNPROCESSED_09-10_R1_2014_MID--AUDIO_09_R1_2014_wav--4,0.08338392972946167
0.9155190133607399,0.5627954779033917,0.16707317073170733,maestro,reverb,MIDI-UNPROCESSED_19-20_R1_2014_MID--AUDIO_19_R1_2014_wav--8,0.08566735188166301
0.9541666666666667,0.6266666666666667,0.09393680614859094,maestro,reverb,MIDI-Unprocessed_01_R1_2006_01-09_ORIG_MID--AUDIO_01_R1_2006_02_Track02_wav,0.08267027139663696
0.8905891354246366,0.6947207345065035,0.21798780487804878,maestro,reverb,MIDI-Unprocessed_01_R1_2006_01-09_ORIG_MID--AUDIO_01_R1_2006_04_Track04_wav,0.08351168433825175
0.9319842608206858,0.6340640809443507,0.13580246913580246,maestro,reverb,MIDI-Unprocessed_04_R1_2008_01-04_ORIG_MID--AUDIO_04_R1_2008_wav--4,0.08363533814748128
0.9244694132334582,0.5586766541822722,0.1528742893240682,maestro,reverb,MIDI-Unprocessed_05_R1_2008_01-04_ORIG_MID--AUDIO_05_R1_2008_wav--2,0.08156543970108032
0.8151969981238275,0.5164165103189493,0.3517857142857143,maestro,reverb,MIDI-Unprocessed_08_R1_2008_01-05_ORIG_MID--AUDIO_08_R1_2008_wav--3,0.08390976985295613
0.917494270435447,0.6562261268143621,0.16338880484114976,maestro,reverb,MIDI-Unprocessed_08_R1_2009_01-04_ORIG_MID--AUDIO_08_R1_2009_08_R1_2009_03_WAV,0.08278302947680155
0.9446308724832215,0.6476510067114093,0.11301369863013698,maestro,reverb,MIDI-Unprocessed_10_R2_2008_01-05_ORIG_MID--AUDIO_10_R2_2008_wav--1,0.08133151708587893
0.9662369551872314,0.41375076734192756,0.06798516687268233,maestro,reverb,MIDI-Unprocessed_12_R1_2008_01-04_ORIG_MID--AUDIO_12_R1_2008_wav--1,0.07898239096005757
0.8757276638825615,0.6190837762591749,0.24009779951100244,maestro,reverb,MIDI-Unprocessed_14_R1_2011_MID--AUDIO_R1-D6_04_Track04_wav,0.08534799615542094
0.9081714133617247,0.683524088368379,0.1793139293139293,maestro,reverb,MIDI-Unprocessed_15_R1_2006_01-05_ORIG_MID--AUDIO_15_R1_2006_02_Track02_wav,0.08711135387420654
0.8899968837644127,0.5478342162667498,0.2213166144200627,maestro,reverb,MIDI-Unprocessed_17_R1_2008_01-04_ORIG_MID--AUDIO_17_R1_2008_wav--2,0.0817447324593862
0.9107266435986159,0.7640138408304498,0.17842323651452283,maestro,reverb,MIDI-Unprocessed_17_R2_2008_01-04_ORIG_MID--AUDIO_17_R2_2008_wav--1,0.08261038462320963
0.9493857493857495,0.5965601965601965,0.10218253968253968,maestro,reverb,MIDI-Unprocessed_19_R1_2011_MID--AUDIO_R1-D7_15_Track15_wav,0.08210096955299377
0.8655737704918034,0.6836065573770491,0.26929392446633826,maestro,reverb,MIDI-Unprocessed_R1_D1-9-12_mid--AUDIO-from_mp3_12_R1_2015_wav--3,0.0803673505783081
0.8715747771541763,0.6398151205018158,0.24840357598978288,maestro,reverb,MIDI-Unprocessed_Recital17-19_MID--AUDIO_17_R1_2018_wav--2,0.08361782431602478
0.835820895522388,0.6242471851269966,0.3160282258064516,maestro,reverb,ORIG-MIDI_01_7_6_13_Group__MID--AUDIO_04_R1_2013_wav--3,0.08386049469312032
0.9151973131821999,0.7299188357122866,0.16575492341356673,maestro,reverb,ORIG-MIDI_02_7_6_13_Group__MID--AUDIO_08_R1_2013_wav--4,0.08220773537953695
0.9711033274956217,0.8835376532399298,0.05779334500875657,maestro,ruido,MIDI-UNPROCESSED_04-05_R1_2014_MID--AUDIO_04_R1_2014_wav--2,0.08886578877766928
0.8797783933518006,0.6493074792243767,0.22675026123301986,maestro,ruido,MIDI-UNPROCESSED_09-10_R1_2014_MID--AUDIO_09_R1_2014_wav--4,0.08352734247843424
0.9218274111675127,0.7569543147208122,0.1565040650406504,maestro,ruido,MIDI-UNPROCESSED_19-20_R1_2014_MID--AUDIO_19_R1_2014_wav--8,0.08515873352686563
0.9773987206823027,0.814498933901919,0.04526046114432109,maestro,ruido,MIDI-Unprocessed_01_R1_2006_01-09_ORIG_MID--AUDIO_01_R1_2006_02_Track02_wav,0.08182302514712016
0.9106449106449107,0.7008547008547008,0.17530487804878048,maestro,ruido,MIDI-Unprocessed_01_R1_2006_01-09_ORIG_MID--AUDIO_01_R1_2006_04_Track04_wav,0.08054737647374471
0.950561797752809,0.7775280898876404,0.09876543209876543,maestro,ruido,MIDI-Unprocessed_04_R1_2008_01-04_ORIG_MID--AUDIO_04_R1_2008_wav--4,0.08439935048421224
0.9300721229225463,0.790843524615867,0.1408717624763108,maestro,ruido,MIDI-Unprocessed_05_R1_2008_01-04_ORIG_MID--AUDIO_05_R1_2008_wav--2,0.08282394409179687
0.851773549447968,0.6690157387831805,0.28169642857142857,maestro,ruido,MIDI-Unprocessed_08_R1_2008_01-05_ORIG_MID--AUDIO_08_R1_2008_wav--3,0.08496235211690267
0.9254634884600833,0.699205448354143,0.14901664145234494,maestro,ruido,MIDI-Unprocessed_08_R1_2009_01-04_ORIG_MID--AUDIO_08_R1_2009_08_R1_2009_03_WAV,0.0808109720547994
0.9682403433476394,0.8223175965665236,0.06335616438356165,maestro,ruido,MIDI-Unprocessed_10_R2_2008_01-05_ORIG_MID--AUDIO_10_R2_2008_wav--1,0.08070553494768727
0.9851301115241635,0.6480793060718711,0.029666254635352288,maestro,ruido,MIDI-Unprocessed_12_R1_2008_01-04_ORIG_MID--AUDIO_12_R1_2008_wav--1,0.08055781324704488
0.8958281289033225,0.7869098176367724,0.2039119804400978,maestro,ruido,MIDI-Unprocessed_14_R1_2011_MID--AUDIO_R1-D6_04_Track04_wav,0.08713088234265645
0.9040103492884866,0.7451487710219923,0.19282744282744282,maestro,ruido,MIDI-Unprocessed_15_R1_2006_01-05_ORIG_MID--AUDIO_15_R1_2006_02_Track02_wav,0.0882519284884135
0.9325807463154595,0.8027594857322043,0.13479623824451412,maestro,ruido,MIDI-Unprocessed_17_R1_2008_01-04_ORIG_MID--AUDIO_17_R1_2008_wav--2,0.08109842936197917
0.9395413481584434,0.7838776928422515,0.12033195020746888,maestro,ruido,MIDI-Unprocessed_17_R2_2008_01-04_ORIG_MID--AUDIO_17_R2_2008_wav--1,0.08039343357086182
0.9680903289150712,0.7569955817378498,0.06448412698412699,maestro,ruido,MIDI-Unprocessed_19_R1_2011_MID--AUDIO_R1-D7_15_Track15_wav,0.08406094511349996
0.9204265791632485,0.7965545529122231,0.1592775041050903,maestro,ruido,MIDI-Unprocessed_R1_D1-9-12_mid--AUDIO-from_mp3_12_R1_2015_wav--3,0.08015600045522055
0.8665351742274818,0.6791584483892177,0.25925925925925924,maestro,ruido,MIDI-Unprocessed_Recital17-19_MID--AUDIO_17_R1_2018_wav--2,0.08298252820968628
0.8541882109617374,0.68717683557394,0.2842741935483871,maestro,ruido,ORIG-MIDI_01_7_6_13_Group__MID--AUDIO_04_R1_2013_wav--3,0.08564414580663045
0.9431078403622984,0.7970563260684971,0.10995623632385121,maestro,ruido,ORIG-MIDI_02_7_6_13_Group__MID--AUDIO_08_R1_2013_wav--4,0.0826040506362915
