audio_duration_s,n_notes,ratio,within_threshold,amt_s,quantize_s,translate_s,render_s,export_s,deterministic_s,total_s,duracion_objetivo,compositor,obra,brf_valido,brf_problemas
30.0,184,0.0708311495333343,True,2.1227096659999916,0.000832403999993403,0.0009458320000703679,3.203899996151449e-05,0.0004145450000123674,0.002224820000037653,2.124934486000029,30,Joseph Haydn,"Sonata in C Minor, Hob. XVI:20, 1st mov.",True,
60.0,339,0.07700143821666643,True,4.616751327999964,0.0013841940000247632,0.0015155999999478809,4.321300002629869e-05,0.00039195800002289616,0.003334965000021839,4.620086292999986,60,Joseph Haydn,"Sonata in C Minor, Hob. XVI:20, 1st mov.",True,
120.0,744,0.08107697082500068,True,9.722161358999983,0.002906045000031554,0.0035506479999867224,5.332900002485985e-05,0.000565118000054099,0.007075140000097235,9.72923649900008,120,Joseph Haydn,"Sonata in C Minor, Hob. XVI:20, 1st mov.",True,
180.0,1242,0.08181751202222169,True,14.716001971999958,0.004922630000010031,0.005271863999951165,7.627200000115408e-05,0.0008794259999831411,0.011150191999945491,14.727152163999904,180,Joseph Haydn,"Sonata in C Minor, Hob. XVI:20, 1st mov.",True,
300.0,2088,0.08292785385000002,True,24.85823915499998,0.009443679000014527,0.009104353999987325,0.00011406199996599753,0.0014549050000596253,0.020117000000027474,24.878356155000006,300,Joseph Haydn,"Sonata in C Minor, Hob. XVI:20, 1st mov.",True,
30.0,327,0.07119876619999559,True,2.1325233719999233,0.0014529830000356014,0.0016065369999296308,2.87699999717006e-05,0.0003513240000074802,0.003439613999944413,2.1359629859998677,30,Franz Schubert,Impromptu Op. 90 No. 4 in A-flat Major,True,
60.0,665,0.07880309936666663,True,4.723276422000026,0.0021679349999885744,0.002168847999996615,3.312199999072618e-05,0.0005396349999955419,0.004909539999971457,4.728185961999998,60,Franz Schubert,Impromptu Op. 90 No. 4 in A-flat Major,True,
120.0,1296,0.08127505421666778,True,9.74074375500004,0.006966644000044653,0.004464281999958075,4.9984000042968546e-05,0.000781841000048189,0.012262751000093886,9.753006506000133,120,Franz Schubert,Impromptu Op. 90 No. 4 in A-flat Major,True,
180.0,2205,0.08202220574999994,True,14.746784269000045,0.008325033999994957,0.0076803629999631085,7.639499995093502e-05,0.0011309740000342572,0.017212765999943258,14.763997034999989,180,Franz Schubert,Impromptu Op. 90 No. 4 in A-flat Major,True,
300.0,3745,0.0843760266,True,25.28338548199997,0.014670006999949692,0.012856197000019165,0.00010885000006055634,0.0017874440000014147,0.029422498000030828,25.312807980000002,300,Franz Schubert,Impromptu Op. 90 No. 4 in A-flat Major,True,
30.0,93,0.07272593013332956,True,2.180378490999942,0.00046577199998409924,0.0006599349999305559,2.2844000000077358e-05,0.00025086200002988335,0.0013994129999446159,2.181777903999887,30,Richard Wagner / Franz Liszt,IsoldasLiebestod,True,
60.0,343,0.0790962041333349,True,4.74221697400003,0.001449559000093359,0.001702714000089145,3.296799991403532e-05,0.0003700329999674068,0.003555274000063946,4.745772248000094,60,Richard Wagner / Franz Liszt,IsoldasLiebestod,True,
120.0,925,0.08266976343333378,True,9.912678224999922,0.0033615750000990374,0.003581621000080304,5.567199991673988e-05,0.0006945190000351431,0.007693387000131224,9.920371612000054,120,Richard Wagner / Franz Liszt,IsoldasLiebestod,True,
180.0,1255,0.08267319385000052,True,14.870539317000066,0.004833495000070798,0.004919341000004351,6.819899999754853e-05,0.0008145409999542608,0.010635576000026958,14.881174893000093,180,Richard Wagner / Franz Liszt,IsoldasLiebestod,True,
300.0,2265,0.08324957050333334,True,24.955339656999968,0.009465146000025015,0.008702101000039875,0.00010917800000243005,0.0012550689999670794,0.0195314940000344,24.974871151000002,300,Richard Wagner / Franz Liszt,IsoldasLiebestod,True,
30.0,336,0.07080148186666975,True,2.121320591000085,0.0011387179999928776,0.001227397999969071,2.4036000013438752e-05,0.00033371300003182114,0.0027238650000072084,2.1240444560000924,30,Frédéric Chopin,Polonaise Op. 44,True,
60.0,828,0.08089365300000016,True,4.847296443999994,0.0027898859999595516,0.0029382640000221727,5.0898000040433544e-05,0.0005436879999933808,0.006322736000015539,4.85361918000001,60,Frédéric Chopin,Polonaise Op. 44,True,
120.0,1721,0.08108534495833339,True,9.716989104999925,0.00648539000007986,0.0057401130000016565,5.5730000099174504e-05,0.0009710569999015206,0.013252290000082212,9.730241395000007,120,Frédéric Chopin,Polonaise Op. 44,True,
180.0,2623,0.08305898799444422,True,14.932190005000052,0.009097770000039418,0.007911571999898115,6.827200002135214e-05,0.0013502199999493314,0.018427833999908216,14.95061783899996,180,Frédéric Chopin,Polonaise Op. 44,True,
300.0,3851,0.08378139829999971,True,25.103923284000075,0.015323233999993136,0.013160690999939106,0.00011556300000847841,0.001896717999898101,0.03049620599983882,25.134419489999914,300,Frédéric Chopin,Polonaise Op. 44,True,
