nucleos,duracion_audio_s,notas,amt_s,determinista_s,cociente,dentro_de_umbral,brf_valido,memoria_pico_mb
2,30,174,36.15,0.03,1.206,True,True,1174
2,60,390,63.37,0.07,1.057,True,True,1174
2,120,894,129.42,0.14,1.08,True,True,1174
2,300,2220,358.21,0.42,1.195,True,True,1174
4,30,174,29.11,0.03,0.972,True,True,1130
4,60,390,53.86,0.07,0.899,True,True,1130
4,120,894,112.65,0.14,0.94,True,True,1130
4,300,2220,285.39,0.42,0.953,True,True,1130
8,30,174,23.41,0.03,0.781,True,True,1170
8,60,390,46.72,0.07,0.78,True,True,1170
8,120,894,103.1,0.14,0.86,True,True,1170
8,300,2220,265.15,0.42,0.885,True,True,1170
