configuracion,particion,bsa,bsa_md,bsa_mi
"base, legato 0.5",desarrollo,0.2456543671562682,0.2060535782753089,0.2774678486469841
"base, legato 0.5",prueba,0.22562207254247027,0.20361376124105443,0.22575541625179546
H1 + H2,desarrollo,0.2848409664312399,0.2439438135402378,0.3187823555362257
H1 + H2,prueba,0.24471236144083486,0.22943354312915518,0.2552142499138388
H1 + H2 + voces MD,desarrollo,0.29196716458965455,0.2598443298382257,0.3187823555362257
H1 + H2 + voces MD,prueba,0.2547064368231469,0.2486816238735194,0.2552142499138388
H1 + H2 + pulso,desarrollo,0.3229292622929644,0.27600358273170467,0.37266502192153883
H1 + H2 + pulso,prueba,0.27994414110979143,0.25572057913304197,0.3022630740907761
H1 + H2 + voces MD + pulso,desarrollo,0.3318969763780705,0.283383396336606,0.37266502192153883
H1 + H2 + voces MD + pulso,prueba,0.3027253825641502,0.2852911994893117,0.3022630740907761
"base, legato 0.5","Beethoven, Für Elise",0.355674709562109,0.34913793103448276,0.3664302600472813
"base, legato 0.5","Debussy, La fille aux cheveux de lin",0.14722753346080306,0.11313868613138686,0.18473895582329317
"base, legato 0.5","Chopin, Vals en la menor B. 150",0.24081451969898185,0.23700787401574802,0.24570273003033366
H1 + H2,"Beethoven, Für Elise",0.38443723946271424,0.39727195225916456,0.3691683569979716
H1 + H2,"Debussy, La fille aux cheveux de lin",0.14361350099272005,0.11231884057971014,0.1815519765739385
H1 + H2,"Chopin, Vals en la menor B. 150",0.2956120092378753,0.3071500503524673,0.2858361774744027
H1 + H2 + voces MD,"Beethoven, Für Elise",0.2855067199418816,0.2388228636106395,0.3691683569979716
H1 + H2 + voces MD,"Debussy, La fille aux cheveux de lin",0.180406852248394,0.17974683544303796,0.1815519765739385
H1 + H2 + voces MD,"Chopin, Vals en la menor B. 150",0.24750356633380885,0.21997549019607843,0.2858361774744027
H1 + H2 + pulso,"Beethoven, Für Elise",0.4156881164866134,0.4378238341968912,0.38928939237899074
H1 + H2 + pulso,"Debussy, La fille aux cheveux de lin",0.15081521739130435,0.13144963144963145,0.17477203647416414
H1 + H2 + pulso,"Chopin, Vals en la menor B. 150",0.36419753086419754,0.3540772532188841,0.37351778656126483
H1 + H2 + voces MD + pulso,"Beethoven, Für Elise",0.3,0.25071063104036384,0.38928939237899074
H1 + H2 + voces MD + pulso,"Debussy, La fille aux cheveux de lin",0.17961711711711711,0.18246869409660108,0.17477203647416414
H1 + H2 + voces MD + pulso,"Chopin, Vals en la menor B. 150",0.2892857142857143,0.23275862068965517,0.37351778656126483
