modelo,legato,pieza,categoria,ref,gen,aciertos,sustituciones,omisiones,inserciones
ajustado,0.0,0,octavas,342,275,147,145,50,30
ajustado,0.0,0,ligaduras,168,146,39,105,24,13
ajustado,0.0,0,notas,1096,984,251,648,197,94
ajustado,0.0,0,intervalos,10,239,8,2,0,50
ajustado,0.0,0,in_accords,172,0,0,109,63,0
ajustado,0.0,0,alteraciones,44,40,21,17,6,5
ajustado,0.5,0,octavas,342,275,145,143,54,27
ajustado,0.5,0,ligaduras,168,164,42,102,24,17
ajustado,0.5,0,notas,1096,931,259,635,202,78
ajustado,0.5,0,intervalos,10,240,8,2,0,40
ajustado,0.5,0,in_accords,172,0,0,109,63,0
ajustado,0.5,0,alteraciones,44,40,19,21,4,3
ajustado,0.0,1,octavas,298,382,167,129,2,57
ajustado,0.0,1,bar_over_bar,2,0,0,2,0,0
ajustado,0.0,1,ligaduras,56,26,8,42,6,5
ajustado,0.0,1,notas,1202,1316,211,976,15,260
ajustado,0.0,1,alteraciones,62,77,28,32,2,12
ajustado,0.0,1,intervalos,0,177,0,0,0,49
ajustado,0.5,1,octavas,298,385,170,112,16,54
ajustado,0.5,1,bar_over_bar,2,0,0,2,0,0
ajustado,0.5,1,ligaduras,56,56,10,38,8,15
ajustado,0.5,1,notas,1202,1127,375,766,61,150
ajustado,0.5,1,alteraciones,62,77,26,32,4,11
ajustado,0.5,1,intervalos,0,181,0,0,0,65
ajustado,0.0,2,octavas,239,243,117,104,18,9
ajustado,0.0,2,bar_over_bar,4,0,0,3,1,0
ajustado,0.0,2,ligaduras,114,30,10,69,35,4
ajustado,0.0,2,notas,920,867,159,601,160,76
ajustado,0.0,2,intervalos,5,123,3,2,0,1
ajustado,0.0,2,barras,4,0,0,2,2,0
ajustado,0.0,2,in_accords,112,0,0,100,12,0
ajustado,0.0,2,alteraciones,46,39,16,25,5,1
ajustado,0.5,2,octavas,239,248,125,84,30,14
ajustado,0.5,2,bar_over_bar,4,0,0,4,0,0
ajustado,0.5,2,ligaduras,114,58,9,74,31,12
ajustado,0.5,2,notas,920,763,235,504,181,35
ajustado,0.5,2,intervalos,5,125,3,2,0,3
ajustado,0.5,2,barras,4,0,0,2,2,0
ajustado,0.5,2,in_accords,112,0,0,89,23,0
ajustado,0.5,2,alteraciones,46,39,16,22,8,0
ajustado,0.0,3,octavas,224,263,104,115,5,8
ajustado,0.0,3,bar_over_bar,2,0,0,2,0,0
ajustado,0.0,3,ligaduras,136,46,20,102,14,8
ajustado,0.0,3,notas,1386,1256,287,976,123,89
ajustado,0.0,3,in_accords,56,0,0,51,5,0
ajustado,0.0,3,alteraciones,46,41,9,32,5,1
ajustado,0.0,3,intervalos,0,204,0,0,0,6
ajustado,0.5,3,octavas,224,264,105,95,24,12
ajustado,0.5,3,bar_over_bar,2,0,0,2,0,0
ajustado,0.5,3,ligaduras,136,54,20,102,14,8
ajustado,0.5,3,notas,1386,1107,388,825,173,20
ajustado,0.5,3,in_accords,56,0,0,52,4,0
ajustado,0.5,3,alteraciones,46,49,9,29,8,1
ajustado,0.5,3,intervalos,0,206,0,0,0,12
ajustado,0.0,4,octavas,250,225,128,86,36,2
ajustado,0.0,4,bar_over_bar,14,0,1,5,8,0
ajustado,0.0,4,ligaduras,124,64,28,59,37,1
ajustado,0.0,4,notas,657,518,148,337,172,18
ajustado,0.0,4,intervalos,43,180,24,18,1,5
ajustado,0.0,4,barras,10,0,0,7,3,0
ajustado,0.0,4,in_accords,206,0,0,125,81,0
ajustado,0.0,4,alteraciones,27,30,13,11,3,1
ajustado,0.5,4,octavas,250,226,131,76,43,8
ajustado,0.5,4,bar_over_bar,14,0,3,2,9,0
ajustado,0.5,4,ligaduras,124,84,36,44,44,4
ajustado,0.5,4,notas,657,448,184,273,200,11
ajustado,0.5,4,intervalos,43,185,28,13,2,12
ajustado,0.5,4,barras,10,0,0,10,0,0
ajustado,0.5,4,in_accords,206,0,0,115,91,0
ajustado,0.5,4,alteraciones,27,31,14,10,3,0
ajustado,0.0,5,octavas,358,303,132,151,75,53
ajustado,0.0,5,bar_over_bar,4,0,1,1,2,0
ajustado,0.0,5,ligaduras,20,20,0,18,2,2
ajustado,0.0,5,notas,1112,1110,159,770,183,264
ajustado,0.0,5,alteraciones,42,35,11,25,6,13
ajustado,0.0,5,intervalos,0,270,0,0,0,138
ajustado,0.5,5,octavas,358,304,125,148,85,53
ajustado,0.5,5,bar_over_bar,4,0,1,1,2,0
ajustado,0.5,5,ligaduras,20,42,6,12,2,6
ajustado,0.5,5,notas,1112,1015,196,705,211,237
ajustado,0.5,5,alteraciones,42,36,9,25,8,12
ajustado,0.5,5,intervalos,0,270,0,0,0,131
ajustado,0.0,6,octavas,234,209,139,56,39,21
ajustado,0.0,6,bar_over_bar,12,0,1,5,6,0
ajustado,0.0,6,ligaduras,108,40,26,23,59,1
ajustado,0.0,6,notas,858,674,175,442,241,77
ajustado,0.0,6,barras,10,0,0,7,3,0
ajustado,0.0,6,intervalos,1,130,0,1,0,39
ajustado,0.0,6,in_accords,130,0,0,50,80,0
ajustado,0.0,6,alteraciones,58,55,32,7,19,6
ajustado,0.5,6,octavas,234,213,144,44,46,24
ajustado,0.5,6,bar_over_bar,12,0,1,8,3,0
ajustado,0.5,6,ligaduras,108,64,27,26,55,5
ajustado,0.5,6,notas,858,635,196,415,247,79
ajustado,0.5,6,barras,10,0,0,5,5,0
ajustado,0.5,6,intervalos,1,136,0,0,1,38
ajustado,0.5,6,in_accords,130,0,0,47,83,0
ajustado,0.5,6,alteraciones,58,61,29,10,19,11
ajustado,0.0,7,octavas,168,304,70,79,19,113
ajustado,0.0,7,alteraciones,44,56,20,21,3,22
ajustado,0.0,7,notas,950,945,314,570,66,164
ajustado,0.0,7,ligaduras,134,88,28,89,17,35
ajustado,0.0,7,bar_over_bar,2,1,0,2,0,1
ajustado,0.0,7,intervalos,0,240,0,0,0,106
ajustado,0.5,7,octavas,168,310,75,74,19,104
ajustado,0.5,7,alteraciones,44,61,22,17,5,20
ajustado,0.5,7,notas,950,873,317,569,64,133
ajustado,0.5,7,ligaduras,134,108,28,91,15,37
ajustado,0.5,7,bar_over_bar,2,3,0,2,0,1
ajustado,0.5,7,intervalos,0,247,0,0,0,112
ajustado,0.0,8,octavas,248,293,113,120,15,55
ajustado,0.0,8,alteraciones,76,94,46,26,4,23
ajustado,0.0,8,notas,1372,1311,304,977,91,174
ajustado,0.0,8,ligaduras,10,6,1,3,6,4
ajustado,0.0,8,intervalos,0,244,0,0,0,102
ajustado,0.5,8,octavas,248,296,120,105,23,59
ajustado,0.5,8,alteraciones,76,94,46,25,5,24
ajustado,0.5,8,notas,1372,1198,331,904,137,149
ajustado,0.5,8,ligaduras,10,32,2,1,7,3
ajustado,0.5,8,intervalos,0,245,0,0,0,96
ajustado,0.0,9,octavas,164,194,55,95,14,19
ajustado,0.0,9,ligaduras,76,40,8,67,1,5
ajustado,0.0,9,notas,812,669,180,590,42,28
ajustado,0.0,9,in_accords,64,0,0,62,2,0
ajustado,0.0,9,alteraciones,56,72,19,31,6,3
ajustado,0.0,9,intervalos,0,222,0,0,0,35
ajustado,0.5,9,octavas,164,194,63,81,20,17
ajustado,0.5,9,ligaduras,76,46,10,64,2,6
ajustado,0.5,9,notas,812,641,192,563,57,36
ajustado,0.5,9,in_accords,64,0,0,56,8,0
ajustado,0.5,9,alteraciones,56,72,18,31,7,2
ajustado,0.5,9,intervalos,0,221,0,0,0,35
ajustado,0.0,10,octavas,236,231,116,120,0,25
ajustado,0.0,10,bar_over_bar,8,0,5,2,1,0
ajustado,0.0,10,ligaduras,76,78,25,51,0,15
ajustado,0.0,10,notas,806,1273,120,676,10,326
ajustado,0.0,10,in_accords,192,0,0,191,1,0
ajustado,0.0,10,alteraciones,24,39,10,14,0,7
ajustado,0.0,10,intervalos,0,103,0,0,0,21
ajustado,0.5,10,octavas,236,234,107,124,5,33
ajustado,0.5,10,bar_over_bar,8,0,3,5,0,0
ajustado,0.5,10,ligaduras,76,110,16,60,0,24
ajustado,0.5,10,notas,806,1128,194,593,19,220
ajustado,0.5,10,in_accords,192,0,0,191,1,0
ajustado,0.5,10,alteraciones,24,42,12,12,0,8
ajustado,0.5,10,intervalos,0,107,0,0,0,19
ajustado,0.0,11,octavas,236,235,90,111,35,39
ajustado,0.0,11,alteraciones,104,116,51,41,12,26
ajustado,0.0,11,notas,1386,1227,298,860,228,163
ajustado,0.0,11,ligaduras,122,20,8,78,36,5
ajustado,0.0,11,intervalos,0,269,0,0,0,97
ajustado,0.5,11,octavas,236,235,89,106,41,42
ajustado,0.5,11,alteraciones,104,116,49,39,16,24
ajustado,0.5,11,notas,1386,1179,315,831,240,140
ajustado,0.5,11,ligaduras,122,34,14,75,33,7
ajustado,0.5,11,intervalos,0,270,0,0,0,103
ajustado,0.0,12,octavas,288,308,127,124,37,39
ajustado,0.0,12,bar_over_bar,2,0,0,0,2,0
ajustado,0.0,12,ligaduras,106,34,11,78,17,6
ajustado,0.0,12,notas,1508,1262,334,862,312,137
ajustado,0.0,12,in_accords,128,0,0,81,47,0
ajustado,0.0,12,alteraciones,96,108,46,32,18,14
ajustado,0.0,12,intervalos,0,234,0,0,0,55
ajustado,0.5,12,octavas,288,310,124,123,41,34
ajustado,0.5,12,bar_over_bar,2,0,0,0,2,0
ajustado,0.5,12,ligaduras,106,60,21,70,15,10
ajustado,0.5,12,notas,1508,1187,340,832,336,129
ajustado,0.5,12,in_accords,128,0,0,75,53,0
ajustado,0.5,12,alteraciones,96,108,50,30,16,12
ajustado,0.5,12,intervalos,0,237,0,0,0,52
ajustado,0.0,13,octavas,440,324,163,204,73,3
ajustado,0.0,13,bar_over_bar,8,0,0,7,1,0
ajustado,0.0,13,ligaduras,384,56,18,302,64,0
ajustado,0.0,13,notas,1868,1216,240,1227,401,6
ajustado,0.0,13,in_accords,136,0,0,82,54,0
ajustado,0.0,13,alteraciones,122,147,46,58,18,3
ajustado,0.0,13,intervalos,2,630,0,1,1,13
ajustado,0.5,13,octavas,440,325,168,188,84,3
ajustado,0.5,13,bar_over_bar,8,0,0,6,2,0
ajustado,0.5,13,ligaduras,384,84,25,281,78,0
ajustado,0.5,13,notas,1868,1135,267,1194,407,8
ajustado,0.5,13,in_accords,136,0,0,62,74,0
ajustado,0.5,13,alteraciones,122,147,50,51,21,1
ajustado,0.5,13,intervalos,2,630,1,1,0,15
ajustado,0.0,14,octavas,342,320,97,185,60,48
ajustado,0.0,14,alteraciones,78,84,20,47,11,9
ajustado,0.0,14,notas,1572,1144,235,1127,210,150
ajustado,0.0,14,ligaduras,40,16,2,33,5,2
ajustado,0.0,14,intervalos,0,496,0,0,0,104
ajustado,0.0,14,bar_over_bar,2,0,0,1,1,0
ajustado,0.5,14,octavas,342,323,94,184,64,40
ajustado,0.5,14,alteraciones,78,84,19,49,10,14
ajustado,0.5,14,notas,1572,1051,217,1113,242,138
ajustado,0.5,14,ligaduras,40,38,4,30,6,3
ajustado,0.5,14,intervalos,0,506,0,0,0,96
ajustado,0.5,14,bar_over_bar,2,0,0,1,1,0
ajustado,0.0,15,octavas,284,385,143,108,33,54
ajustado,0.0,15,bar_over_bar,10,0,0,4,6,0
ajustado,0.0,15,ligaduras,158,32,20,120,18,1
ajustado,0.0,15,notas,1234,870,208,871,155,100
ajustado,0.0,15,in_accords,124,0,0,109,15,0
ajustado,0.0,15,alteraciones,136,435,79,42,15,61
ajustado,0.0,15,intervalos,0,253,0,0,0,55
ajustado,0.5,15,octavas,284,386,145,105,34,54
ajustado,0.5,15,bar_over_bar,10,0,0,4,6,0
ajustado,0.5,15,ligaduras,158,44,22,118,18,2
ajustado,0.5,15,notas,1234,851,196,881,157,101
ajustado,0.5,15,in_accords,124,0,0,108,16,0
ajustado,0.5,15,alteraciones,136,436,78,44,14,58
ajustado,0.5,15,intervalos,0,254,0,0,0,55
ajustado,0.0,16,octavas,339,406,133,197,9,72
ajustado,0.0,16,bar_over_bar,6,1,1,5,0,0
ajustado,0.0,16,ligaduras,230,250,90,139,1,41
ajustado,0.0,16,notas,1618,1845,262,1303,53,332
ajustado,0.0,16,intervalos,25,379,9,16,0,110
ajustado,0.0,16,barras,4,0,0,4,0,0
ajustado,0.0,16,in_accords,164,0,6,156,2,0
ajustado,0.0,16,alteraciones,84,99,26,55,3,23
ajustado,0.5,16,octavas,339,407,146,174,19,67
ajustado,0.5,16,bar_over_bar,6,1,2,4,0,0
ajustado,0.5,16,ligaduras,230,266,98,126,6,28
ajustado,0.5,16,notas,1618,1644,300,1204,114,267
ajustado,0.5,16,intervalos,25,375,8,17,0,101
ajustado,0.5,16,barras,4,0,0,4,0,0
ajustado,0.5,16,in_accords,164,0,6,144,14,0
ajustado,0.5,16,alteraciones,84,102,27,52,5,20
ajustado,0.0,17,octavas,420,353,191,184,45,47
ajustado,0.0,17,alteraciones,138,134,61,60,17,19
ajustado,0.0,17,notas,1490,1209,288,989,213,164
ajustado,0.0,17,ligaduras,34,14,2,32,0,2
ajustado,0.0,17,intervalos,0,443,0,0,0,114
ajustado,0.5,17,octavas,420,353,187,176,57,45
ajustado,0.5,17,alteraciones,138,134,63,54,21,18
ajustado,0.5,17,notas,1490,1147,303,957,230,149
ajustado,0.5,17,ligaduras,34,28,4,30,0,6
ajustado,0.5,17,intervalos,0,444,0,0,0,114
ajustado,0.0,18,octavas,228,268,97,126,5,32
ajustado,0.0,18,bar_over_bar,4,0,1,1,2,0
ajustado,0.0,18,ligaduras,124,110,43,76,5,20
ajustado,0.0,18,notas,762,983,163,575,24,171
ajustado,0.0,18,in_accords,128,0,0,118,10,0
ajustado,0.0,18,alteraciones,44,41,18,25,1,3
ajustado,0.0,18,intervalos,0,75,0,0,0,8
ajustado,0.5,18,octavas,228,270,95,116,17,30
ajustado,0.5,18,bar_over_bar,4,0,1,0,3,0
ajustado,0.5,18,ligaduras,124,122,41,75,8,20
ajustado,0.5,18,notas,762,883,224,493,45,126
ajustado,0.5,18,in_accords,128,0,0,115,13,0
ajustado,0.5,18,alteraciones,44,41,20,23,1,3
ajustado,0.5,18,intervalos,0,76,0,0,0,10
ajustado,0.0,19,octavas,234,240,126,89,19,9
ajustado,0.0,19,ligaduras,76,34,23,44,9,0
ajustado,0.0,19,notas,758,651,134,501,123,33
ajustado,0.0,19,in_accords,128,0,0,97,31,0
ajustado,0.0,19,alteraciones,30,26,9,18,3,0
ajustado,0.0,19,intervalos,0,134,0,0,0,2
ajustado,0.5,19,octavas,234,241,127,80,27,10
ajustado,0.5,19,ligaduras,76,44,25,47,4,1
ajustado,0.5,19,notas,758,612,153,470,135,23
ajustado,0.5,19,in_accords,128,0,0,95,33,0
ajustado,0.5,19,alteraciones,30,26,8,18,4,0
ajustado,0.5,19,intervalos,0,137,0,0,0,3
ajustado,0.0,20,octavas,372,305,125,172,75,36
ajustado,0.0,20,bar_over_bar,8,0,0,5,3,0
ajustado,0.0,20,ligaduras,52,32,8,30,14,1
ajustado,0.0,20,notas,1538,1174,304,968,266,143
ajustado,0.0,20,alteraciones,94,101,31,51,12,18
ajustado,0.0,20,intervalos,0,375,0,0,0,95
ajustado,0.5,20,octavas,372,308,129,189,54,32
ajustado,0.5,20,bar_over_bar,8,0,0,5,3,0
ajustado,0.5,20,ligaduras,52,74,12,24,16,9
ajustado,0.5,20,notas,1538,1083,258,978,302,118
ajustado,0.5,20,alteraciones,94,103,32,45,17,18
ajustado,0.5,20,intervalos,0,379,0,0,0,98
ajustado,0.0,21,octavas,208,272,82,118,8,35
ajustado,0.0,21,bar_over_bar,4,0,0,3,1,0
ajustado,0.0,21,ligaduras,84,34,6,76,2,0
ajustado,0.0,21,notas,1054,793,137,855,62,107
ajustado,0.0,21,in_accords,64,0,0,61,3,0
ajustado,0.0,21,alteraciones,174,428,75,90,9,52
ajustado,0.0,21,intervalos,0,213,0,0,0,43
ajustado,0.5,21,octavas,208,273,77,123,8,30
ajustado,0.5,21,bar_over_bar,4,0,0,3,1,0
ajustado,0.5,21,ligaduras,84,36,8,74,2,2
ajustado,0.5,21,notas,1054,764,132,870,52,87
ajustado,0.5,21,in_accords,64,0,0,61,3,0
ajustado,0.5,21,alteraciones,174,428,66,99,9,45
ajustado,0.5,21,intervalos,0,213,0,0,0,37
ajustado,0.0,22,octavas,266,257,118,135,13,29
ajustado,0.0,22,bar_over_bar,8,0,0,3,5,0
ajustado,0.0,22,ligaduras,172,230,84,82,6,16
ajustado,0.0,22,notas,708,868,112,561,35,137
ajustado,0.0,22,in_accords,228,0,0,203,25,0
ajustado,0.0,22,alteraciones,30,46,11,18,1,9
ajustado,0.0,22,intervalos,0,144,0,0,0,27
ajustado,0.5,22,octavas,266,260,119,136,11,21
ajustado,0.5,22,bar_over_bar,8,0,3,2,3,0
ajustado,0.5,22,ligaduras,172,248,87,78,7,17
ajustado,0.5,22,notas,708,786,122,526,60,108
ajustado,0.5,22,in_accords,228,0,0,203,25,0
ajustado,0.5,22,alteraciones,30,45,10,16,4,7
ajustado,0.5,22,intervalos,0,145,0,0,0,29
ajustado,0.0,23,octavas,210,246,63,112,35,39
ajustado,0.0,23,bar_over_bar,2,0,0,1,1,0
ajustado,0.0,23,ligaduras,12,10,2,9,1,0
ajustado,0.0,23,notas,1552,1088,258,1053,241,161
ajustado,0.0,23,intervalos,140,657,82,55,3,146
ajustado,0.0,23,alteraciones,92,75,20,59,13,9
ajustado,0.0,23,in_accords,8,0,0,7,1,0
ajustado,0.5,23,octavas,210,247,64,109,37,39
ajustado,0.5,23,bar_over_bar,2,0,0,1,1,0
ajustado,0.5,23,ligaduras,12,28,4,5,3,1
ajustado,0.5,23,notas,1552,1041,221,1083,248,152
ajustado,0.5,23,intervalos,140,663,85,52,3,141
ajustado,0.5,23,alteraciones,92,75,23,59,10,8
ajustado,0.5,23,in_accords,8,0,0,7,1,0
ajustado,0.0,24,octavas,300,385,125,115,60,100
ajustado,0.0,24,bar_over_bar,6,0,0,4,2,0
ajustado,0.0,24,ligaduras,156,136,52,89,15,26
ajustado,0.0,24,notas,1508,1376,553,740,215,193
ajustado,0.0,24,in_accords,108,0,0,76,32,0
ajustado,0.0,24,alteraciones,64,100,29,15,20,37
ajustado,0.0,24,intervalos,0,271,0,0,0,114
ajustado,0.5,24,octavas,300,390,134,104,62,96
ajustado,0.5,24,bar_over_bar,6,0,1,5,0,0
ajustado,0.5,24,ligaduras,156,164,53,86,17,29
ajustado,0.5,24,notas,1508,1287,582,704,222,166
ajustado,0.5,24,in_accords,108,0,0,70,38,0
ajustado,0.5,24,alteraciones,64,100,23,20,21,32
ajustado,0.5,24,intervalos,0,274,0,0,0,110
ajustado,0.0,26,octavas,276,372,95,144,37,73
ajustado,0.0,26,ligaduras,16,36,0,16,0,10
ajustado,0.0,26,notas,1868,1470,243,1405,220,220
ajustado,0.0,26,barras,8,0,0,6,2,0
ajustado,0.0,26,in_accords,100,0,0,83,17,0
ajustado,0.0,26,alteraciones,128,212,49,65,14,40
ajustado,0.0,26,intervalos,36,525,3,12,21,151
ajustado,0.5,26,octavas,276,373,92,146,38,76
ajustado,0.5,26,ligaduras,16,56,0,16,0,9
ajustado,0.5,26,notas,1868,1417,251,1391,226,204
ajustado,0.5,26,barras,8,0,0,6,2,0
ajustado,0.5,26,in_accords,100,0,0,83,17,0
ajustado,0.5,26,alteraciones,128,212,53,60,15,39
ajustado,0.5,26,intervalos,36,527,3,12,21,144
ajustado,0.0,27,octavas,158,219,74,78,6,51
ajustado,0.0,27,bar_over_bar,4,0,0,1,3,0
ajustado,0.0,27,ligaduras,60,28,10,47,3,4
ajustado,0.0,27,notas,1146,1168,270,799,77,196
ajustado,0.0,27,alteraciones,38,48,26,12,0,5
ajustado,0.0,27,intervalos,0,191,0,0,0,81
ajustado,0.5,27,octavas,158,221,77,66,15,52
ajustado,0.5,27,bar_over_bar,4,0,0,1,3,0
ajustado,0.5,27,ligaduras,60,44,14,43,3,8
ajustado,0.5,27,notas,1146,1109,303,741,102,186
ajustado,0.5,27,alteraciones,38,49,28,9,1,3
ajustado,0.5,27,intervalos,0,192,0,0,0,84
ajustado,0.0,28,octavas,330,506,153,128,49,132
ajustado,0.0,28,bar_over_bar,4,0,1,3,0,0
ajustado,0.0,28,ligaduras,8,10,0,8,0,0
ajustado,0.0,28,notas,1676,1288,209,1219,248,322
ajustado,0.0,28,intervalos,8,803,8,0,0,345
ajustado,0.0,28,in_accords,124,0,2,99,23,0
ajustado,0.0,28,alteraciones,104,160,36,56,12,46
ajustado,0.5,28,octavas,330,506,158,124,48,133
ajustado,0.5,28,bar_over_bar,4,0,2,2,0,0
ajustado,0.5,28,ligaduras,8,22,0,8,0,2
ajustado,0.5,28,notas,1676,1236,206,1191,279,314
ajustado,0.5,28,intervalos,8,805,8,0,0,348
ajustado,0.5,28,in_accords,124,0,2,93,29,0
ajustado,0.5,28,alteraciones,104,161,39,55,10,45
ajustado,0.0,29,octavas,312,269,117,133,62,22
ajustado,0.0,29,bar_over_bar,2,0,0,1,1,0
ajustado,0.0,29,ligaduras,12,6,0,12,0,2
ajustado,0.0,29,notas,1606,1071,404,912,290,85
ajustado,0.0,29,intervalos,208,642,102,60,46,130
ajustado,0.0,29,alteraciones,88,74,21,52,15,9
ajustado,0.5,29,octavas,312,269,126,130,56,20
ajustado,0.5,29,bar_over_bar,2,0,0,1,1,0
ajustado,0.5,29,ligaduras,12,18,0,12,0,2
ajustado,0.5,29,notas,1606,1014,357,946,303,87
ajustado,0.5,29,intervalos,208,646,102,51,55,108
ajustado,0.5,29,alteraciones,88,73,20,51,17,7
ajustado,0.0,30,octavas,170,249,72,74,24,52
ajustado,0.0,30,bar_over_bar,2,1,0,1,1,0
ajustado,0.0,30,ligaduras,40,68,4,35,1,4
ajustado,0.0,30,notas,862,613,195,566,101,65
ajustado,0.0,30,intervalos,8,304,3,5,0,81
ajustado,0.0,30,in_accords,136,0,0,105,31,0
ajustado,0.0,30,alteraciones,30,79,11,14,5,27
ajustado,0.5,30,octavas,170,251,74,72,24,40
ajustado,0.5,30,bar_over_bar,2,1,0,1,1,0
ajustado,0.5,30,ligaduras,40,82,8,31,1,5
ajustado,0.5,30,notas,862,593,194,566,102,67
ajustado,0.5,30,intervalos,8,304,2,6,0,83
ajustado,0.5,30,in_accords,136,0,0,111,25,0
ajustado,0.5,30,alteraciones,30,79,10,14,6,26
ajustado,0.0,31,octavas,172,133,64,87,21,11
ajustado,0.0,31,ligaduras,88,84,29,52,7,2
ajustado,0.0,31,notas,548,497,81,381,86,36
ajustado,0.0,31,intervalos,5,105,2,3,0,12
ajustado,0.0,31,in_accords,86,0,0,59,27,0
ajustado,0.0,31,alteraciones,22,22,8,13,1,1
ajustado,0.5,31,octavas,172,134,70,81,21,11
ajustado,0.5,31,ligaduras,88,98,27,51,10,6
ajustado,0.5,31,notas,548,465,102,347,99,37
ajustado,0.5,31,intervalos,5,107,3,2,0,12
ajustado,0.5,31,in_accords,86,0,0,57,29,0
ajustado,0.5,31,alteraciones,22,22,9,11,2,0
original,0.0,0,octavas,342,290,148,144,50,37
original,0.0,0,ligaduras,168,152,40,104,24,11
original,0.0,0,notas,1096,988,254,654,188,113
original,0.0,0,intervalos,10,269,8,2,0,70
original,0.0,0,in_accords,172,0,0,111,61,0
original,0.0,0,alteraciones,44,40,21,17,6,5
original,0.5,0,octavas,342,290,153,135,54,35
original,0.5,0,ligaduras,168,164,40,104,24,17
original,0.5,0,notas,1096,931,261,639,196,89
original,0.5,0,intervalos,10,270,8,2,0,60
original,0.5,0,in_accords,172,0,0,109,63,0
original,0.5,0,alteraciones,44,40,19,20,5,4
original,0.0,1,octavas,298,382,167,128,3,57
original,0.0,1,bar_over_bar,2,1,0,2,0,0
original,0.0,1,ligaduras,56,24,4,44,8,6
original,0.0,1,notas,1202,1318,219,965,18,262
original,0.0,1,alteraciones,62,81,30,31,1,12
original,0.0,1,intervalos,0,193,0,0,0,72
original,0.5,1,octavas,298,385,178,103,17,56
original,0.5,1,bar_over_bar,2,1,0,2,0,0
original,0.5,1,ligaduras,56,52,5,38,13,16
original,0.5,1,notas,1202,1130,379,761,62,164
original,0.5,1,alteraciones,62,84,30,28,4,15
original,0.5,1,intervalos,0,193,0,0,0,70
original,0.0,2,octavas,239,251,125,99,15,8
original,0.0,2,bar_over_bar,4,0,0,4,0,0
original,0.0,2,ligaduras,114,28,6,76,32,2
original,0.0,2,notas,920,876,155,611,154,86
original,0.0,2,intervalos,5,134,1,4,0,2
original,0.0,2,barras,4,0,0,4,0,0
original,0.0,2,in_accords,112,0,0,100,12,0
original,0.0,2,alteraciones,46,39,17,27,2,1
original,0.5,2,octavas,239,258,132,78,29,13
original,0.5,2,bar_over_bar,4,0,0,4,0,0
original,0.5,2,ligaduras,114,58,7,77,30,12
original,0.5,2,notas,920,764,233,509,178,42
original,0.5,2,intervalos,5,135,3,2,0,1
original,0.5,2,barras,4,0,0,2,2,0
original,0.5,2,in_accords,112,0,0,97,15,0
original,0.5,2,alteraciones,46,39,16,25,5,1
original,0.0,3,octavas,224,269,104,114,6,8
original,0.0,3,bar_over_bar,2,0,1,1,0,0
original,0.0,3,ligaduras,136,40,15,109,12,8
original,0.0,3,notas,1386,1253,276,1003,107,86
original,0.0,3,in_accords,56,0,0,52,4,0
original,0.0,3,alteraciones,46,41,9,32,5,3
original,0.0,3,intervalos,0,224,0,0,0,6
original,0.5,3,octavas,224,270,103,100,21,14
original,0.5,3,bar_over_bar,2,0,0,2,0,0
original,0.5,3,ligaduras,136,48,19,103,14,8
original,0.5,3,notas,1386,1100,378,848,160,16
original,0.5,3,in_accords,56,0,0,53,3,0
original,0.5,3,alteraciones,46,49,9,28,9,4
original,0.5,3,intervalos,0,225,0,0,0,7
original,0.0,4,octavas,250,223,127,86,37,5
original,0.0,4,bar_over_bar,14,0,0,8,6,0
original,0.0,4,ligaduras,124,40,18,85,21,0
original,0.0,4,notas,657,534,142,322,193,14
original,0.0,4,intervalos,43,189,23,18,2,6
original,0.0,4,barras,10,0,0,4,6,0
original,0.0,4,in_accords,206,0,0,136,70,0
original,0.0,4,alteraciones,27,31,14,9,4,0
original,0.5,4,octavas,250,225,129,79,42,4
original,0.5,4,bar_over_bar,14,0,1,5,8,0
original,0.5,4,ligaduras,124,74,27,62,35,2
original,0.5,4,notas,657,448,177,290,190,8
original,0.5,4,intervalos,43,202,24,17,2,7
original,0.5,4,barras,10,0,0,10,0,0
original,0.5,4,in_accords,206,0,0,115,91,0
original,0.5,4,alteraciones,27,30,14,8,5,0
original,0.0,5,octavas,358,316,129,161,68,73
original,0.0,5,bar_over_bar,4,0,1,1,2,0
original,0.0,5,ligaduras,20,20,2,13,5,2
original,0.0,5,notas,1112,1121,161,772,179,250
original,0.0,5,alteraciones,42,36,8,27,7,18
original,0.0,5,intervalos,0,271,0,0,0,146
original,0.5,5,octavas,358,317,120,157,81,63
original,0.5,5,bar_over_bar,4,0,1,1,2,0
original,0.5,5,ligaduras,20,42,6,12,2,4
original,0.5,5,notas,1112,1027,190,721,201,245
original,0.5,5,alteraciones,42,37,10,23,9,13
original,0.5,5,intervalos,0,271,0,0,0,128
original,0.0,6,octavas,234,212,138,57,39,23
original,0.0,6,bar_over_bar,12,0,1,7,4,0
original,0.0,6,ligaduras,108,36,22,26,60,1
original,0.0,6,notas,858,679,171,439,248,76
original,0.0,6,barras,10,0,0,7,3,0
original,0.0,6,intervalos,1,139,0,1,0,46
original,0.0,6,in_accords,130,0,0,59,71,0
original,0.0,6,alteraciones,58,53,32,7,19,6
original,0.5,6,octavas,234,216,144,47,43,26
original,0.5,6,bar_over_bar,12,0,0,10,2,0
original,0.5,6,ligaduras,108,66,30,27,51,5
original,0.5,6,notas,858,632,191,411,256,78
original,0.5,6,barras,10,0,1,7,2,0
original,0.5,6,intervalos,1,146,0,0,1,43
original,0.5,6,in_accords,130,0,0,47,83,0
original,0.5,6,alteraciones,58,59,30,11,17,11
original,0.0,7,octavas,168,298,69,80,19,107
original,0.0,7,alteraciones,44,59,20,20,4,23
original,0.0,7,notas,950,943,309,573,68,165
original,0.0,7,ligaduras,134,86,27,92,15,34
original,0.0,7,intervalos,0,245,0,0,0,110
original,0.0,7,bar_over_bar,2,0,0,2,0,0
original,0.5,7,octavas,168,304,74,72,22,104
original,0.5,7,alteraciones,44,62,22,17,5,20
original,0.5,7,notas,950,878,322,559,69,140
original,0.5,7,ligaduras,134,110,27,92,15,37
original,0.5,7,bar_over_bar,2,1,0,2,0,0
original,0.5,7,intervalos,0,252,0,0,0,119
original,0.0,8,octavas,248,308,114,118,16,64
original,0.0,8,alteraciones,76,92,41,32,3,24
original,0.0,8,notas,1372,1307,296,997,79,183
original,0.0,8,ligaduras,10,6,2,6,2,4
original,0.0,8,intervalos,0,281,0,0,0,113
original,0.5,8,octavas,248,311,124,101,23,64
original,0.5,8,alteraciones,76,92,43,28,5,23
original,0.5,8,notas,1372,1193,318,926,128,158
original,0.5,8,ligaduras,10,32,2,5,3,3
original,0.5,8,intervalos,0,282,0,0,0,115
original,0.0,9,octavas,164,200,58,94,12,16
original,0.0,9,ligaduras,76,40,8,66,2,2
original,0.0,9,notas,812,667,172,605,35,32
original,0.0,9,in_accords,64,0,0,62,2,0
original,0.0,9,alteraciones,56,68,19,32,5,7
original,0.0,9,intervalos,0,232,0,0,0,34
original,0.5,9,octavas,164,200,67,82,15,10
original,0.5,9,ligaduras,76,46,14,61,1,6
original,0.5,9,notas,812,639,180,574,58,38
original,0.5,9,in_accords,64,0,0,62,2,0
original,0.5,9,alteraciones,56,68,16,33,7,5
original,0.5,9,intervalos,0,232,0,0,0,37
original,0.0,10,octavas,236,235,113,123,0,33
original,0.0,10,bar_over_bar,8,0,8,0,0,0
original,0.0,10,ligaduras,76,74,14,62,0,21
original,0.0,10,notas,806,1294,126,671,9,334
original,0.0,10,in_accords,192,0,0,191,1,0
original,0.0,10,alteraciones,24,40,13,11,0,6
original,0.0,10,intervalos,0,110,0,0,0,27
original,0.5,10,octavas,236,239,113,117,6,34
original,0.5,10,bar_over_bar,8,0,5,3,0,0
original,0.5,10,ligaduras,76,108,14,62,0,34
original,0.5,10,notas,806,1145,201,583,22,241
original,0.5,10,in_accords,192,0,0,191,1,0
original,0.5,10,alteraciones,24,43,11,13,0,8
original,0.5,10,intervalos,0,114,0,0,0,19
original,0.0,11,octavas,236,244,91,109,36,43
original,0.0,11,alteraciones,104,116,49,44,11,26
original,0.0,11,notas,1386,1226,303,858,225,159
original,0.0,11,ligaduras,122,22,8,80,34,7
original,0.0,11,intervalos,0,274,0,0,0,105
original,0.5,11,octavas,236,244,89,102,45,44
original,0.5,11,alteraciones,104,116,51,40,13,25
original,0.5,11,notas,1386,1178,317,829,240,140
original,0.5,11,ligaduras,122,34,14,78,30,8
original,0.5,11,intervalos,0,275,0,0,0,110
original,0.0,12,octavas,288,325,127,124,37,57
original,0.0,12,bar_over_bar,2,0,0,0,2,0
original,0.0,12,ligaduras,106,28,11,80,15,6
original,0.0,12,notas,1508,1262,332,869,307,143
original,0.0,12,in_accords,128,0,0,81,47,0
original,0.0,12,alteraciones,96,109,44,34,18,13
original,0.0,12,intervalos,0,257,0,0,0,60
original,0.5,12,octavas,288,327,130,120,38,51
original,0.5,12,bar_over_bar,2,0,0,0,2,0
original,0.5,12,ligaduras,106,52,20,73,13,6
original,0.5,12,notas,1508,1190,343,829,336,134
original,0.5,12,in_accords,128,0,0,78,50,0
original,0.5,12,alteraciones,96,109,44,32,20,15
original,0.5,12,intervalos,0,260,0,0,0,63
original,0.0,13,octavas,440,329,152,214,74,3
original,0.0,13,bar_over_bar,8,0,0,7,1,0
original,0.0,13,ligaduras,384,60,22,298,64,0
original,0.0,13,notas,1868,1221,239,1248,381,8
original,0.0,13,in_accords,136,0,0,82,54,0
original,0.0,13,alteraciones,122,147,50,53,19,1
original,0.0,13,intervalos,2,635,1,1,0,13
original,0.5,13,octavas,440,330,158,195,87,6
original,0.5,13,bar_over_bar,8,0,0,4,4,0
original,0.5,13,ligaduras,384,80,26,279,79,0
original,0.5,13,notas,1868,1131,286,1177,405,6
original,0.5,13,in_accords,136,0,0,66,70,0
original,0.5,13,alteraciones,122,147,51,49,22,1
original,0.5,13,intervalos,2,635,1,1,0,17
original,0.0,14,octavas,342,325,96,184,62,50
original,0.0,14,alteraciones,78,84,19,47,12,10
original,0.0,14,notas,1572,1148,238,1115,219,171
original,0.0,14,ligaduras,40,12,2,34,4,0
original,0.0,14,intervalos,0,505,0,0,0,107
original,0.0,14,bar_over_bar,2,0,0,1,1,0
original,0.5,14,octavas,342,328,100,181,61,43
original,0.5,14,alteraciones,78,84,16,47,15,14
original,0.5,14,notas,1572,1046,222,1091,259,150
original,0.5,14,ligaduras,40,34,4,34,2,0
original,0.5,14,intervalos,0,516,0,0,0,104
original,0.5,14,bar_over_bar,2,0,0,2,0,0
original,0.0,15,octavas,284,381,142,110,32,63
original,0.0,15,bar_over_bar,10,0,1,4,5,0
original,0.0,15,ligaduras,158,32,16,122,20,3
original,0.0,15,notas,1234,881,201,866,167,124
original,0.0,15,in_accords,124,0,0,108,16,0
original,0.0,15,alteraciones,136,448,77,49,10,70
original,0.0,15,intervalos,0,276,0,0,0,62
original,0.5,15,octavas,284,384,138,117,29,62
original,0.5,15,bar_over_bar,10,0,1,4,5,0
original,0.5,15,ligaduras,158,40,17,118,23,1
original,0.5,15,notas,1234,857,199,877,158,106
original,0.5,15,in_accords,124,0,0,106,18,0
original,0.5,15,alteraciones,136,453,75,46,15,73
original,0.5,15,intervalos,0,276,0,0,0,70
original,0.0,16,octavas,339,427,136,196,7,74
original,0.0,16,bar_over_bar,6,0,2,4,0,0
original,0.0,16,ligaduras,230,234,93,137,0,35
original,0.0,16,notas,1618,1860,238,1335,45,352
original,0.0,16,intervalos,25,383,8,16,1,112
original,0.0,16,barras,4,0,0,4,0,0
original,0.0,16,in_accords,164,0,4,156,4,0
original,0.0,16,alteraciones,84,103,27,56,1,22
original,0.5,16,octavas,339,427,130,187,22,77
original,0.5,16,bar_over_bar,6,1,2,4,0,0
original,0.5,16,ligaduras,230,258,106,120,4,31
original,0.5,16,notas,1618,1643,297,1220,101,273
original,0.5,16,intervalos,25,385,7,16,2,100
original,0.5,16,barras,4,0,0,2,2,0
original,0.5,16,in_accords,164,0,6,141,17,0
original,0.5,16,alteraciones,84,105,28,50,6,22
original,0.0,17,octavas,420,359,190,188,42,53
original,0.0,17,alteraciones,138,133,67,55,16,13
original,0.0,17,notas,1490,1208,285,991,214,161
original,0.0,17,ligaduras,34,14,2,32,0,2
original,0.0,17,intervalos,0,448,0,0,0,123
original,0.5,17,octavas,420,359,189,174,57,48
original,0.5,17,alteraciones,138,133,67,51,20,12
original,0.5,17,notas,1490,1147,299,961,230,151
original,0.5,17,ligaduras,34,26,4,30,0,5
original,0.5,17,intervalos,0,448,0,0,0,122
original,0.0,18,octavas,228,270,103,120,5,30
original,0.0,18,bar_over_bar,4,0,1,1,2,0
original,0.0,18,ligaduras,124,114,35,84,5,20
original,0.0,18,notas,762,989,158,580,24,182
original,0.0,18,in_accords,128,0,0,125,3,0
original,0.0,18,alteraciones,44,41,17,26,1,3
original,0.0,18,intervalos,0,79,0,0,0,8
original,0.5,18,octavas,228,272,105,105,18,37
original,0.5,18,bar_over_bar,4,0,2,1,1,0
original,0.5,18,ligaduras,124,124,43,74,7,27
original,0.5,18,notas,762,888,223,484,55,136
original,0.5,18,in_accords,128,0,0,112,16,0
original,0.5,18,alteraciones,44,41,21,22,1,3
original,0.5,18,intervalos,0,81,0,0,0,11
original,0.0,19,octavas,234,240,122,93,19,10
original,0.0,19,ligaduras,76,36,24,44,8,0
original,0.0,19,notas,758,657,136,508,114,29
original,0.0,19,in_accords,128,0,0,96,32,0
original,0.0,19,alteraciones,30,26,9,18,3,0
original,0.0,19,intervalos,0,133,0,0,0,3
original,0.5,19,octavas,234,243,122,87,25,9
original,0.5,19,ligaduras,76,46,24,44,8,1
original,0.5,19,notas,758,617,150,485,123,21
original,0.5,19,in_accords,128,0,0,97,31,0
original,0.5,19,alteraciones,30,26,7,21,2,0
original,0.5,19,intervalos,0,137,0,0,0,1
original,0.0,20,octavas,372,310,124,178,70,39
original,0.0,20,bar_over_bar,8,0,0,4,4,0
original,0.0,20,ligaduras,52,26,4,32,16,1
original,0.0,20,notas,1538,1174,312,956,270,149
original,0.0,20,alteraciones,94,99,29,51,14,14
original,0.0,20,intervalos,0,384,0,0,0,100
original,0.5,20,octavas,372,315,130,164,78,37
original,0.5,20,bar_over_bar,8,0,0,5,3,0
original,0.5,20,ligaduras,52,62,10,30,12,10
original,0.5,20,notas,1538,1082,266,969,303,127
original,0.5,20,alteraciones,94,101,32,49,13,13
original,0.5,20,intervalos,0,387,0,0,0,105
original,0.0,21,octavas,208,276,68,136,4,44
original,0.0,21,bar_over_bar,4,0,0,3,1,0
original,0.0,21,ligaduras,84,34,8,74,2,1
original,0.0,21,notas,1054,796,141,866,47,105
original,0.0,21,in_accords,64,0,0,63,1,0
original,0.0,21,alteraciones,174,437,69,99,6,59
original,0.0,21,intervalos,0,228,0,0,0,35
original,0.5,21,octavas,208,276,68,133,7,40
original,0.5,21,bar_over_bar,4,0,0,3,1,0
original,0.5,21,ligaduras,84,38,10,73,1,2
original,0.5,21,notas,1054,767,135,878,41,92
original,0.5,21,in_accords,64,0,0,61,3,0
original,0.5,21,alteraciones,174,438,65,103,6,51
original,0.5,21,intervalos,0,229,0,0,0,34
original,0.0,22,octavas,266,254,127,126,13,25
original,0.0,22,bar_over_bar,8,1,0,1,7,0
original,0.0,22,ligaduras,172,234,84,84,4,20
original,0.0,22,notas,708,877,104,569,35,151
original,0.0,22,in_accords,228,0,0,206,22,0
original,0.0,22,alteraciones,30,47,10,19,1,6
original,0.0,22,intervalos,0,146,0,0,0,27
original,0.5,22,octavas,266,257,121,129,16,21
original,0.5,22,bar_over_bar,8,0,2,0,6,0
original,0.5,22,ligaduras,172,246,92,76,4,10
original,0.5,22,notas,708,791,117,528,63,121
original,0.5,22,in_accords,228,0,0,204,24,0
original,0.5,22,alteraciones,30,46,10,17,3,6
original,0.5,22,intervalos,0,146,0,0,0,32
original,0.0,23,octavas,210,265,66,112,32,43
original,0.0,23,bar_over_bar,2,0,0,2,0,0
original,0.0,23,ligaduras,12,10,2,6,4,0
original,0.0,23,notas,1552,1081,242,1087,223,162
original,0.0,23,intervalos,140,673,79,54,7,155
original,0.0,23,alteraciones,92,77,15,67,10,7
original,0.0,23,in_accords,8,0,0,7,1,0
original,0.5,23,octavas,210,266,67,109,34,44
original,0.5,23,bar_over_bar,2,0,0,1,1,0
original,0.5,23,ligaduras,12,28,4,5,3,0
original,0.5,23,notas,1552,1038,218,1092,242,159
original,0.5,23,intervalos,140,679,80,57,3,152
original,0.5,23,alteraciones,92,77,19,63,10,11
original,0.5,23,in_accords,8,0,0,7,1,0
original,0.0,24,octavas,300,395,131,100,69,109
original,0.0,24,bar_over_bar,6,0,0,4,2,0
original,0.0,24,ligaduras,156,130,55,77,24,35
original,0.0,24,notas,1508,1367,572,706,230,200
original,0.0,24,in_accords,108,0,0,74,34,0
original,0.0,24,alteraciones,64,103,27,22,15,43
original,0.0,24,intervalos,0,283,0,0,0,123
original,0.5,24,octavas,300,397,139,91,70,109
original,0.5,24,bar_over_bar,6,0,0,6,0,0
original,0.5,24,ligaduras,156,144,53,72,31,28
original,0.5,24,notas,1508,1273,601,649,258,175
original,0.5,24,in_accords,108,0,0,68,40,0
original,0.5,24,alteraciones,64,104,30,17,17,43
original,0.5,24,intervalos,0,285,0,0,0,122
original,0.0,26,octavas,276,370,98,143,35,76
original,0.0,26,ligaduras,16,42,0,16,0,11
original,0.0,26,notas,1868,1469,245,1396,227,221
original,0.0,26,barras,8,0,0,5,3,0
original,0.0,26,in_accords,100,0,0,87,13,0
original,0.0,26,alteraciones,128,213,46,65,17,43
original,0.0,26,intervalos,36,541,4,17,15,162
original,0.5,26,octavas,276,371,101,139,36,76
original,0.5,26,ligaduras,16,54,0,16,0,7
original,0.5,26,notas,1868,1415,254,1384,230,208
original,0.5,26,barras,8,0,0,5,3,0
original,0.5,26,in_accords,100,0,0,81,19,0
original,0.5,26,alteraciones,128,213,49,62,17,43
original,0.5,26,intervalos,36,542,4,15,17,151
original,0.0,27,octavas,158,228,85,63,10,52
original,0.0,27,bar_over_bar,4,0,0,1,3,0
original,0.0,27,ligaduras,60,24,14,42,4,2
original,0.0,27,notas,1146,1163,278,771,97,216
original,0.0,27,alteraciones,38,48,28,10,0,6
original,0.0,27,intervalos,0,197,0,0,0,92
original,0.5,27,octavas,158,230,78,67,13,54
original,0.5,27,bar_over_bar,4,0,0,1,3,0
original,0.5,27,ligaduras,60,38,14,43,3,6
original,0.5,27,notas,1146,1103,304,734,108,184
original,0.5,27,alteraciones,38,49,29,8,1,4
original,0.5,27,intervalos,0,198,0,0,0,92
original,0.0,28,octavas,330,531,155,125,50,159
original,0.0,28,bar_over_bar,4,0,1,3,0,0
original,0.0,28,ligaduras,8,10,0,8,0,0
original,0.0,28,notas,1676,1279,211,1212,253,311
original,0.0,28,intervalos,8,819,8,0,0,373
original,0.0,28,in_accords,124,0,3,91,30,0
original,0.0,28,alteraciones,104,161,38,56,10,46
original,0.5,28,octavas,330,531,155,125,50,162
original,0.5,28,bar_over_bar,4,0,2,2,0,0
original,0.5,28,ligaduras,8,22,0,8,0,2
original,0.5,28,notas,1676,1233,219,1181,276,305
original,0.5,28,intervalos,8,821,8,0,0,368
original,0.5,28,in_accords,124,0,2,90,32,0
original,0.5,28,alteraciones,104,162,39,52,13,49
original,0.0,29,octavas,312,277,127,122,63,30
original,0.0,29,bar_over_bar,2,0,0,1,1,0
original,0.0,29,ligaduras,12,4,0,12,0,2
original,0.0,29,notas,1606,1072,400,911,295,97
original,0.0,29,intervalos,208,636,96,70,42,115
original,0.0,29,alteraciones,88,74,18,51,19,11
original,0.5,29,octavas,312,277,125,132,55,28
original,0.5,29,bar_over_bar,2,0,0,1,1,0
original,0.5,29,ligaduras,12,18,0,12,0,2
original,0.5,29,notas,1606,1018,361,932,313,85
original,0.5,29,intervalos,208,645,100,54,54,120
original,0.5,29,alteraciones,88,73,18,54,16,7
original,0.0,30,octavas,170,250,76,68,26,46
original,0.0,30,bar_over_bar,2,1,0,0,2,0
original,0.0,30,ligaduras,40,58,6,33,1,3
original,0.0,30,notas,862,617,202,545,115,74
original,0.0,30,intervalos,8,312,3,5,0,94
original,0.0,30,in_accords,136,0,0,106,30,0
original,0.0,30,alteraciones,30,75,12,15,3,25
original,0.5,30,octavas,170,252,73,72,25,50
original,0.5,30,bar_over_bar,2,1,0,0,2,0
original,0.5,30,ligaduras,40,72,7,32,1,4
original,0.5,30,notas,862,595,207,546,109,65
original,0.5,30,intervalos,8,314,3,5,0,91
original,0.5,30,in_accords,136,0,0,107,29,0
original,0.5,30,alteraciones,30,75,11,13,6,23
original,0.0,31,octavas,172,142,66,82,24,15
original,0.0,31,ligaduras,88,86,22,56,10,2
original,0.0,31,notas,548,499,89,376,83,44
original,0.0,31,intervalos,5,116,2,3,0,19
original,0.0,31,in_accords,86,0,0,69,17,0
original,0.0,31,alteraciones,22,21,8,10,4,1
original,0.5,31,octavas,172,143,71,80,21,11
original,0.5,31,ligaduras,88,100,26,51,11,6
original,0.5,31,notas,548,466,103,353,92,45
original,0.5,31,intervalos,5,118,2,3,0,15
original,0.5,31,in_accords,86,0,0,62,24,0
original,0.5,31,alteraciones,22,21,8,12,2,0
