configuracion,conjunto,pieza,compas,duracion_s,tempo_estimado,notas_transcritas,notas_referencia,celdas_referencia,celdas_generadas,bsa,f1_notas_por_compas,alturas,ritmo
base,desarrollo,goldberg_00,3/4,299.5,38.7,991,1102,1828,1650,0.2582,0.6202,0.3972,0.3576
base,desarrollo,goldberg_01,3/4,115.5,100.7,1172,1164,1580,1826,0.3193,0.6458,0.462,0.4229
base,desarrollo,goldberg_02,2/4,123.7,63.2,811,905,1420,1233,0.2676,0.7171,0.3726,0.4711
base,desarrollo,goldberg_03,12/8,116.8,97.4,1230,1378,1840,1833,0.2712,0.781,0.5502,0.3913
base,desarrollo,goldberg_04,3/8,68.6,86.1,521,670,1287,974,0.289,0.716,0.5868,0.5521
base,desarrollo,goldberg_05,3/4,94.2,124.2,1133,1104,1524,1667,0.2028,0.4617,0.205,0.3077
base,desarrollo,goldberg_06,3/8,98.1,61.3,688,829,1367,1109,0.2911,0.7215,0.4764,0.3151
base,desarrollo,goldberg_07,6/8,132.3,87.8,799,940,1286,1602,0.2734,0.6073,0.3806,0.4959
base,desarrollo,goldberg_08,3/4,116.5,101.0,1327,1356,1690,1865,0.2681,0.6294,0.4641,0.3255
base,desarrollo,goldberg_09,4/4,126.2,60.6,775,800,1160,1174,0.2385,0.6943,0.437,0.4259
base,desarrollo,goldberg_10,2/2,105.7,149.3,785,770,1298,1621,0.1993,0.6272,0.4853,0.3317
base,desarrollo,goldberg_11,12/16,129.1,89.9,1306,1362,1824,1834,0.2541,0.5721,0.4602,0.3407
base,desarrollo,goldberg_12,3/4,135.9,85.7,1316,1470,2088,1902,0.2601,0.644,0.4252,0.3442
base,desarrollo,goldberg_13,3/4,254.5,45.5,1675,1842,2924,2321,0.17,0.6969,0.442,0.1764
base,desarrollo,goldberg_14,3/4,136.7,85.4,1413,1498,1958,2002,0.1623,0.4764,0.3451,0.1937
base,desarrollo,goldberg_15,2/4,272.5,28.1,1061,1200,1902,1971,0.2237,0.5509,0.2541,0.3074
base,desarrollo,goldberg_31,3/4,170.1,35.0,477,551,919,826,0.2274,0.6414,0.5274,0.3297
base,prueba,goldberg_16,2/2,188.7,124.5,1570,1599,2420,2795,0.2043,0.4076,0.3273,0.2864
base,prueba,goldberg_17,3/4,104.3,112.2,1487,1466,2058,2106,0.264,0.632,0.3417,0.3031
base,prueba,goldberg_18,2/2,109.3,142.6,638,734,1258,1392,0.2593,0.6459,0.3798,0.535
base,prueba,goldberg_19,3/8,85.0,68.5,692,738,1206,1060,0.2629,0.6942,0.5379,0.3168
base,prueba,goldberg_20,3/4,125.2,92.9,1274,1424,1942,1947,0.2116,0.4819,0.2262,0.3219
base,prueba,goldberg_21,4/4,234.5,32.3,944,1046,1576,1714,0.1564,0.5888,0.2746,0.3154
base,prueba,goldberg_22,2/2,92.6,169.3,639,696,1392,1484,0.2257,0.5925,0.186,0.3758
base,prueba,goldberg_23,3/4,139.7,83.1,1558,1614,1936,2054,0.1913,0.534,0.2465,0.3079
base,prueba,goldberg_24,9/8,165.5,105.4,1333,1490,2118,2365,0.3066,0.6312,0.4099,0.6886
base,prueba,goldberg_26,4/4,122.8,125.5,1763,1904,2434,2585,0.1551,0.5392,0.3784,0.174
base,prueba,goldberg_27,6/8,111.4,102.4,1124,1126,1382,1615,0.2607,0.645,0.3667,0.3297
base,prueba,goldberg_28,3/4,146.1,78.8,1910,1656,2222,2730,0.1513,0.4836,0.2226,0.2672
base,prueba,goldberg_29,3/4,129.1,89.7,1461,1706,2118,2020,0.2828,0.5223,0.2761,0.5734
base,prueba,goldberg_30,4/4,121.2,72.4,815,868,1250,1322,0.239,0.697,0.1824,0.3841
base,externo,fur_elise,3/8,170.2,69.9,1171,1157,1642,2238,0.3557,0.4211,0.4177,0.5679
base,externo,fille,3/4,178.3,40.5,602,718,1316,1569,0.1472,0.3321,0.1186,0.1975
base,externo,vals_chopin,3/4,130.7,113.6,1029,749,1245,2259,0.2408,0.4542,0.2769,0.3851
base,intermedio,minueto_sol,3/4,143.5,113.1,954,781,1338,2184,0.2834,0.5163,0.4819,0.528
base,intermedio,clementi_1,2/2,44.9,207.0,342,346,572,768,0.3633,0.6172,0.676,0.7321
base,intermedio,clementi_2,3/4,80.6,57.6,353,265,475,655,0.2443,0.5773,0.4439,0.3824
base,intermedio,sonatina_sol_1,4/4,93.1,131.9,507,499,799,1102,0.3303,0.6256,0.3912,0.6266
base,intermedio,sonatina_sol_2,6/8,144.3,93.4,655,708,1150,1473,0.3211,0.5637,0.451,0.6713
base,excluidas,clementi_3,3/8,34.3,197.2,236,424,657,721,0.2122,0.3608,0.4781,0.4355
base,excluidas,wild_rose,2/4,140.6,45.2,307,291,676,1128,0.1587,0.289,0.1976,0.2099
pipeline,desarrollo,goldberg_00,3/4,299.5,60.0,984,1102,1828,1501,0.331,0.7132,0.5511,0.5866
pipeline,desarrollo,goldberg_01,3/4,115.5,60.0,1103,1164,1580,1575,0.5759,0.8155,0.7509,0.642
pipeline,desarrollo,goldberg_02,2/4,123.7,60.0,803,905,1420,1113,0.4493,0.8158,0.4948,0.764
pipeline,desarrollo,goldberg_03,12/8,116.8,60.0,1190,1378,1840,1637,0.4478,0.8225,0.564,0.7045
pipeline,desarrollo,goldberg_04,3/8,68.6,60.0,495,670,1287,806,0.2999,0.6692,0.6158,0.5627
pipeline,desarrollo,goldberg_05,3/4,94.2,60.0,1104,1104,1524,1602,0.3427,0.5261,0.3065,0.6806
pipeline,desarrollo,goldberg_06,3/8,98.1,60.0,674,829,1367,998,0.4762,0.8131,0.4088,0.8185
pipeline,desarrollo,goldberg_07,6/8,132.3,60.0,790,940,1286,1298,0.6109,0.7305,0.5627,0.7749
pipeline,desarrollo,goldberg_08,3/4,116.5,60.0,1286,1356,1690,1715,0.407,0.7392,0.6153,0.4693
pipeline,desarrollo,goldberg_09,4/4,126.2,60.0,768,800,1160,1057,0.3741,0.8139,0.4899,0.617
pipeline,desarrollo,goldberg_10,2/2,105.7,60.0,775,770,1298,1143,0.4052,0.7219,0.5633,0.6876
pipeline,desarrollo,goldberg_11,12/16,129.1,60.0,1293,1362,1824,1727,0.3289,0.6976,0.6003,0.3711
pipeline,desarrollo,goldberg_12,3/4,135.9,60.0,1282,1470,2088,1799,0.4411,0.8053,0.6278,0.7047
pipeline,desarrollo,goldberg_13,3/4,254.5,60.0,1660,1842,2924,2190,0.238,0.7178,0.4154,0.3494
pipeline,desarrollo,goldberg_14,3/4,136.7,60.0,1375,1498,1958,1959,0.2435,0.517,0.2825,0.3031
pipeline,desarrollo,goldberg_15,2/4,272.5,60.0,1050,1200,1902,1858,0.224,0.6232,0.3312,0.3351
pipeline,desarrollo,goldberg_31,3/4,170.1,60.0,474,551,919,739,0.3101,0.6674,0.6056,0.4684
pipeline,prueba,goldberg_16,2/2,188.7,60.0,1545,1599,2420,2481,0.2797,0.4206,0.4897,0.3732
pipeline,prueba,goldberg_17,3/4,104.3,60.0,1436,1466,2058,1952,0.4344,0.6481,0.5558,0.6364
pipeline,prueba,goldberg_18,2/2,109.3,60.0,634,734,1258,1087,0.5064,0.8224,0.3754,0.7722
pipeline,prueba,goldberg_19,3/8,85.0,60.0,677,738,1206,930,0.403,0.6921,0.8051,0.614
pipeline,prueba,goldberg_20,3/4,125.2,60.0,1260,1424,1942,1892,0.2461,0.5341,0.3192,0.4142
pipeline,prueba,goldberg_21,4/4,234.5,60.0,930,1046,1576,1636,0.2341,0.6624,0.3729,0.4721
pipeline,prueba,goldberg_22,2/2,92.6,60.0,625,696,1392,1101,0.2766,0.6865,0.5087,0.6068
pipeline,prueba,goldberg_23,3/4,139.7,60.0,1515,1614,1936,2002,0.2153,0.5396,0.3252,0.381
pipeline,prueba,goldberg_24,9/8,165.5,60.0,1308,1490,2118,1887,0.4358,0.7037,0.4412,0.8285
pipeline,prueba,goldberg_26,4/4,122.8,60.0,1726,1904,2434,2416,0.2794,0.6102,0.3389,0.4413
pipeline,prueba,goldberg_27,6/8,111.4,60.0,1114,1126,1382,1472,0.4912,0.7007,0.6078,0.6657
pipeline,prueba,goldberg_28,3/4,146.1,60.0,1880,1656,2222,2484,0.2709,0.5962,0.3261,0.5977
pipeline,prueba,goldberg_29,3/4,129.1,60.0,1450,1706,2118,2032,0.2526,0.5407,0.2379,0.4828
pipeline,prueba,goldberg_30,4/4,121.2,60.0,775,868,1250,1031,0.3184,0.6471,0.3379,0.5741
pipeline,externo,fur_elise,3/8,170.2,60.0,1082,1157,1642,1992,0.4905,0.6827,0.4054,0.7409
pipeline,externo,fille,3/4,178.3,60.0,573,718,1316,1420,0.1479,0.3431,0.1307,0.241
pipeline,externo,vals_chopin,3/4,130.7,60.0,992,749,1245,1860,0.3704,0.5566,0.3901,0.6305
pipeline,intermedio,minueto_sol,3/4,143.5,60.0,863,781,1338,1402,0.4979,0.4112,0.5874,0.8092
pipeline,intermedio,clementi_1,2/2,44.9,60.0,333,346,572,536,0.5472,0.793,0.7929,0.8582
pipeline,intermedio,clementi_2,3/4,80.6,60.0,345,265,475,542,0.2768,0.6412,0.4957,0.4195
pipeline,intermedio,sonatina_sol_1,4/4,93.1,60.0,505,499,799,753,0.5131,0.7269,0.7121,0.7899
pipeline,intermedio,sonatina_sol_2,6/8,144.3,60.0,646,708,1150,1064,0.4878,0.7142,0.6327,0.8555
pipeline,excluidas,clementi_3,3/8,34.3,60.0,230,424,657,603,0.2511,0.3666,0.5115,0.515
pipeline,excluidas,wild_rose,2/4,140.6,60.0,304,291,676,876,0.1632,0.3003,0.2445,0.3146
