pieza,fuente,configuracion,duracion_s,repeticiones,bsa,bsa_sin_fraseo,f1_notas_por_compas,alturas,ritmo
minueto_sol,telefono,base,155.1,True,0.1447,0.1546,0.3161,0.1145,0.1985
minueto_sol,telefono,pipeline,155.1,True,0.1248,0.1063,0.2318,0.0843,0.1226
clementi_1,telefono,base,87.6,True,0.255,0.2688,0.5877,0.4438,0.5196
clementi_1,telefono,pipeline,87.6,True,0.4235,0.4577,0.707,0.5208,0.8376
clementi_2,telefono,base,87.4,True,0.1665,0.17,0.4352,0.2399,0.264
clementi_2,telefono,pipeline,87.4,True,0.1941,0.1965,0.4509,0.2441,0.328
clementi_3,telefono,base,56.7,True,0.2379,0.2448,0.4066,0.2877,0.4426
clementi_3,telefono,pipeline,56.7,True,0.3962,0.4302,0.344,0.4623,0.7889
sonatina_sol_1,telefono,base,115.9,True,0.2037,0.201,0.4006,0.3179,0.4672
sonatina_sol_1,telefono,pipeline,115.9,True,0.2196,0.2344,0.3741,0.2414,0.5147
sonatina_sol_2,telefono,base,102.3,True,0.2178,0.2234,0.3916,0.2994,0.5062
sonatina_sol_2,telefono,pipeline,102.3,True,0.2116,0.2273,0.375,0.3646,0.5214
wild_rose,telefono,base,134.4,True,0.1844,0.1884,0.3349,0.2033,0.3571
wild_rose,telefono,pipeline,134.4,True,0.2847,0.2552,0.2691,0.2322,0.5204
fur_elise,telefono,base,216.3,True,0.2799,0.279,0.3506,0.2607,0.5483
fur_elise,telefono,pipeline,216.3,True,0.3149,0.3158,0.339,0.3026,0.5751
vals_chopin,telefono,base,157.5,True,0.2059,0.2055,0.3353,0.1549,0.3362
vals_chopin,telefono,pipeline,157.5,True,0.2358,0.2306,0.361,0.1707,0.4298
stravinsky_valse,telefono,base,61.1,True,0.0732,0.0732,0.2599,0.059,0.125
stravinsky_valse,telefono,pipeline,61.1,True,0.1254,0.1254,0.2308,0.0644,0.375
cinq_doigts_1,telefono,base,55.9,True,0.0863,0.0863,0.341,0.1852,0.1111
cinq_doigts_1,telefono,pipeline,55.9,True,0.0997,0.1155,0.3152,0.2098,0.2128
cinq_doigts_2,telefono,base,54.1,True,0.164,0.164,0.2467,0.0362,0.2
cinq_doigts_2,telefono,pipeline,54.1,True,0.2284,0.2303,0.2195,0.0765,0.375
cinq_doigts_3,telefono,base,54.7,True,0.1348,0.1336,0.2798,0.1115,0.5614
cinq_doigts_3,telefono,pipeline,54.7,True,0.2006,0.2094,0.3028,0.1565,0.6111
czerny_1,telefono,base,44.5,True,0.152,0.1415,0.2491,0.1572,0.4135
czerny_1,telefono,pipeline,44.5,True,0.2074,0.2117,0.2206,0.159,0.5593
czerny_2,telefono,base,38.8,True,0.1783,0.1783,0.3469,0.1935,0.4556
czerny_2,telefono,pipeline,38.8,True,0.2066,0.2197,0.3476,0.1816,0.5443
czerny_3,telefono,base,31.4,True,0.1081,0.1022,0.3223,0.0786,0.1892
czerny_3,telefono,pipeline,31.4,True,0.192,0.2074,0.282,0.1295,0.4483
czerny_4,telefono,base,35.4,True,0.0697,0.0623,0.2181,0.0686,0.0488
czerny_4,telefono,pipeline,35.4,True,0.1165,0.1123,0.2246,0.1128,0.5
czerny_5,telefono,base,74.3,True,0.1268,0.1175,0.2445,0.0496,0.2453
czerny_5,telefono,pipeline,74.3,True,0.1505,0.1471,0.2302,0.061,0.2857
minueto_sol,estudio,base,143.5,True,0.2834,0.2843,0.5163,0.4819,0.528
minueto_sol,estudio,pipeline,143.5,True,0.4979,0.5207,0.4112,0.5874,0.8092
clementi_1,estudio,base,44.9,False,0.3633,0.3737,0.6172,0.676,0.7321
clementi_1,estudio,pipeline,44.9,False,0.5472,0.6175,0.793,0.7929,0.8582
clementi_2,estudio,base,80.6,True,0.2443,0.2489,0.5773,0.4439,0.3824
clementi_2,estudio,pipeline,80.6,True,0.2768,0.321,0.6412,0.4957,0.4195
clementi_3,estudio,base,34.3,False,0.2122,0.1803,0.3608,0.4781,0.4355
clementi_3,estudio,pipeline,34.3,False,0.2511,0.2073,0.3666,0.5115,0.515
sonatina_sol_1,estudio,base,93.1,True,0.3303,0.3339,0.6256,0.3912,0.6266
sonatina_sol_1,estudio,pipeline,93.1,True,0.5131,0.5657,0.7269,0.7121,0.7899
sonatina_sol_2,estudio,base,144.3,True,0.3211,0.3198,0.5637,0.451,0.6713
sonatina_sol_2,estudio,pipeline,144.3,True,0.4878,0.5742,0.7142,0.6327,0.8555
wild_rose,estudio,base,140.6,True,0.1587,0.1401,0.289,0.1976,0.2099
wild_rose,estudio,pipeline,140.6,True,0.1632,0.1701,0.3003,0.2445,0.3146
fur_elise,estudio,base,170.2,True,0.3557,0.3597,0.4211,0.4177,0.5679
fur_elise,estudio,pipeline,170.2,True,0.4905,0.488,0.6827,0.4054,0.7409
vals_chopin,estudio,base,130.7,True,0.2408,0.2461,0.4542,0.2769,0.3851
vals_chopin,estudio,pipeline,130.7,True,0.3704,0.386,0.5566,0.3901,0.6305
