configuracion,modelo,bsa,bsa_md,bsa_mi
"base, legato 0.5",ajustado,0.2456543671562682,0.2060535782753089,0.2774678486469841
"base, legato 0.5",original,0.24302325039703962,0.20049461853480205,0.2785470209711541
legato 0.75,ajustado,0.2521916511106633,0.21209060879836067,0.28493990128114755
legato 0.75,original,0.2484172938060525,0.20591315995034631,0.28387783518307985
legato 1.0,ajustado,0.2493407919260538,0.2123646166077671,0.28337295013211594
legato 1.0,original,0.24520761491077211,0.20603776729365383,0.28177851899855405
H1,ajustado,0.25650705521654654,0.21902080581346756,0.2861460172726139
H1,original,0.25559655020942995,0.21856399456677772,0.2850184528524037
H2,ajustado,0.2799062448130779,0.2365688101574662,0.3175110928315986
H2,original,0.27328191103538807,0.2303973826974866,0.31267117199591943
H3,ajustado,0.255334203386351,0.2160237095859542,0.28801739910412794
H3,original,0.2507461654423995,0.20921130260998225,0.28627184007669343
voces MD,ajustado,0.2779557411581891,0.2509943659035769,0.28493990128114755
voces MD,original,0.2769171339262417,0.25049974134538544,0.28387783518307985
H1 + H2,ajustado,0.2848409664312399,0.2439438135402378,0.3187823555362257
H1 + H2,original,0.2829557129675498,0.24406745349368125,0.3147126753238807
H1 + H2 + H3,ajustado,0.2724320230027306,0.2347573670278246,0.30598045851500194
H1 + H2 + H3,original,0.2795778090954989,0.24280435049810276,0.3122337706270245
H1 + H2 + voces MD,ajustado,0.29196716458965455,0.2598443298382257,0.3187823555362257
H1 + H2 + voces MD,original,0.2929839952041925,0.2638437416893346,0.3147126753238807
H1 + H2 + voces ambas manos,ajustado,0.2725594699984334,0.2598443298382257,0.28377578481093785
H1 + H2 + voces ambas manos,original,0.2749914088561566,0.2638437416893346,0.2831987552548589
H1 + H2 + pulso,ajustado,0.3229292622929644,0.27600358273170467,0.37266502192153883
H1 + H2 + pulso,original,0.3223179172007715,0.27600285007316605,0.371060864168023
H1 + H2 + voces MD + pulso,ajustado,0.3318969763780705,0.283383396336606,0.37266502192153883
H1 + H2 + voces MD + pulso,original,0.3343820341253184,0.2883402428099695,0.371060864168023
