modelo,legato,nombre,teclados,compas,duracion_s,pieza,repeticiones,tempo_bpm,notas_transcritas,notas_referencia,celdas_quitadas_referencia,bsa,bsa_ponderado,bsa_md,bsa_mi,coincidencia_alturas,celdas_ref,celdas_gen,aciertos,sustituciones,omisiones,inserciones
ajustado,0.0,Aria,1,3/4,299.5,0,True,38.7,991,1106,74,0.25436681222707425,0.27031046376296264,0.2528846153846154,0.2506172839506173,0.2881844380403458,1832,1686,466,1027,339,193
ajustado,0.5,Aria,1,3/4,299.5,0,True,38.7,991,1106,74,0.25818777292576417,0.2640939404667908,0.25244618395303325,0.2654320987654321,0.3242976835879744,1832,1652,473,1013,346,166
ajustado,0.0,Variación 1,1,3/4,115.5,1,True,100.7,1172,1202,12,0.20887991927346114,0.2705987916346929,0.2060931899641577,0.21247113163972287,0.6502775574940524,1620,1982,414,1181,25,387
ajustado,0.5,Variación 1,1,3/4,115.5,1,True,100.7,1172,1202,12,0.31693989071038253,0.3228401797869352,0.2518518518518518,0.4074074074074074,0.738105443634805,1620,1830,580,953,87,297
ajustado,0.0,Variación 2,1,2/4,123.7,2,True,63.2,811,925,20,0.21121883656509696,0.20894917934887325,0.17599186164801628,0.25190839694656486,0.38947957470621153,1444,1302,305,906,233,91
ajustado,0.5,Variación 2,1,2/4,123.7,2,True,63.2,811,925,20,0.26869806094182824,0.2349330828732716,0.18107833163784334,0.4535637149028078,0.49554367201426025,1444,1233,388,781,275,64
ajustado,0.0,Variación 3,1,12/8,116.8,3,True,97.4,1230,1386,12,0.22702702702702704,0.20944487062823347,0.15597147950089127,0.30934343434343436,0.3133989401968206,1850,1810,420,1278,152,112
ajustado,0.5,Variación 3,1,12/8,116.8,3,True,97.4,1230,1386,12,0.28216216216216217,0.23054373264457298,0.1800356506238859,0.43956043956043955,0.4693140794223827,1850,1680,522,1105,223,53
ajustado,0.0,Variación 4,1,3/8,68.6,4,True,86.1,521,700,16,0.2554470323065364,0.2643690947799606,0.25925925925925924,0.25152439024390244,0.2968617472434266,1331,1021,340,655,336,26
ajustado,0.5,Variación 4,1,3/8,68.6,4,True,86.1,521,700,16,0.29601803155522166,0.29701228532430707,0.3111111111111111,0.2804878048780488,0.46528403967538323,1331,978,394,550,387,34
ajustado,0.0,Variación 5,1,3/4,94.2,5,True,124.2,1133,1113,16,0.1732418524871355,0.24752161017203417,0.1597729115977291,0.13766233766233765,0.2990152193375112,1536,1749,303,976,257,470
ajustado,0.5,Variación 5,1,3/4,94.2,5,True,124.2,1133,1113,16,0.199642431466031,0.23604746347717176,0.1785414920368818,0.15844155844155844,0.33660589060308554,1536,1678,335,903,298,440
ajustado,0.0,Variación 6,1,3/8,98.1,6,True,61.3,688,859,24,0.2671863926293409,0.282942388659267,0.23076923076923078,0.2651006711409396,0.32985658409387225,1411,1110,377,587,447,146
ajustado,0.5,Variación 6,1,3/8,98.1,6,True,61.3,688,859,24,0.2820694542877392,0.28258526058353495,0.23814541622760801,0.28289473684210525,0.3103678929765886,1411,1111,398,556,457,157
ajustado,0.0,Variación 7,1,6/8,132.3,7,True,87.8,799,950,18,0.2651191203420892,0.27604245154463986,0.23125564588979222,0.2996632996632997,0.3635405690200211,1298,1637,434,762,102,441
ajustado,0.5,Variación 7,1,6/8,132.3,7,True,87.8,799,950,18,0.2778816199376947,0.28146414205557385,0.25068870523415976,0.29124579124579125,0.3614457831325301,1298,1605,446,750,102,409
ajustado,0.0,Variación 8,2,3/4,116.5,8,True,101.0,1327,1372,14,0.23860727086533537,0.32353018828842767,0.2599667774086379,0.18935643564356436,0.5163690476190477,1706,1953,466,1127,113,360
ajustado,0.5,Variación 8,2,3/4,116.5,8,True,101.0,1327,1372,14,0.26737967914438504,0.3355476357267499,0.24721984602224123,0.26113861386138615,0.43106796116504853,1706,1870,500,1039,167,331
ajustado,0.0,Variación 9,1,4/4,126.2,9,True,60.6,775,812,12,0.21888053467000834,0.20928832182363719,0.17579617834394903,0.2767857142857143,0.36056718433490886,1172,1197,262,845,65,90
ajustado,0.5,Variación 9,1,4/4,126.2,9,True,60.6,775,812,12,0.24105621805792163,0.22418760195903908,0.1880674448767834,0.3080357142857143,0.428079834824501,1172,1174,283,795,94,96
ajustado,0.0,Variación 10,1,2/2,105.7,10,True,149.3,785,807,16,0.16009280742459397,0.2595108035826153,0.1597222222222222,0.16046511627906976,0.11730769230769231,1342,1724,276,1054,12,394
ajustado,0.5,Variación 10,1,2/2,105.7,10,True,149.3,785,807,16,0.20481184454040716,0.2531928626653428,0.16284680337756333,0.24873737373737373,0.28320413436692504,1342,1621,332,985,25,304
ajustado,0.0,Variación 11,2,12/16,129.1,11,True,89.9,1306,1386,12,0.23903743315508022,0.3072444251531354,0.22122448979591836,0.18683651804670912,0.3937308868501529,1848,1870,447,1093,308,330
ajustado,0.5,Variación 11,2,12/16,129.1,11,True,89.9,1306,1386,12,0.2527056277056277,0.30975643771583256,0.23038810900082576,0.19957537154989385,0.42289719626168226,1848,1837,467,1054,327,316
ajustado,0.0,Variación 12,1,3/4,135.9,12,True,85.7,1316,1509,16,0.24342105263157895,0.2586455667335628,0.2283702213279678,0.2139705882352941,0.4243955250811981,2128,1946,518,1177,433,251
ajustado,0.5,Variación 12,1,3/4,135.9,12,True,85.7,1316,1509,16,0.25140977443609025,0.26964519070895127,0.2361963190184049,0.2235294117647059,0.4310089020771513,2128,1902,535,1130,463,237
ajustado,0.0,Variación 13,2,3/4,254.5,13,True,45.5,1675,1870,82,0.15777027027027027,0.17277038772000916,0.11187698833510074,0.2383612662942272,0.36888168557536466,2960,2374,467,1882,611,25
ajustado,0.5,Variación 13,2,3/4,254.5,13,True,45.5,1675,1870,82,0.17263513513513515,0.1850348752554288,0.11505832449628844,0.2737430167597765,0.38615179760319573,2960,2322,511,1784,665,27
ajustado,0.0,Variación 14,2,3/4,136.7,14,True,85.4,1413,1572,190,0.16948334138097537,0.18833586601910085,0.14775323686214775,0.153921568627451,0.2214888155482215,2034,2071,351,1406,277,314
ajustado,0.5,Variación 14,2,3/4,136.7,14,True,85.4,1413,1572,190,0.16420845624385447,0.18759068244948982,0.1375579598145286,0.15294117647058825,0.1921032649962035,2034,2013,334,1387,313,292
ajustado,0.0,Variación 15,1,2/4,272.5,15,True,28.1,1061,1235,14,0.22784810126582278,0.18749448954600428,0.17009038619556285,0.24948665297741274,0.36294536817102135,1946,1975,450,1254,242,271
ajustado,0.5,Variación 15,1,2/4,272.5,15,True,28.1,1061,1235,14,0.2237442922374429,0.18579335897850288,0.16926869350862778,0.24127310061601642,0.336529242569511,1946,1971,441,1260,245,270
ajustado,0.0,Variación 16,1,2/2,188.7,16,True,124.5,1570,1643,46,0.17684563758389263,0.1818727114633638,0.1746031746031746,0.18073394495412845,0.3961882760612186,2470,2980,527,1875,68,578
ajustado,0.5,Variación 16,1,2/2,188.7,16,True,124.5,1570,1643,46,0.21001788908765653,0.20836882239006535,0.2018962632459565,0.21306818181818182,0.4089515634580012,2470,2795,587,1725,158,483
ajustado,0.0,Variación 17,2,3/4,104.3,17,True,112.2,1487,1490,18,0.25080981027302174,0.3208000813847121,0.2203757225433526,0.23465346534653464,0.453638714444034,2082,2161,542,1273,267,346
ajustado,0.5,Variación 17,2,3/4,104.3,17,True,112.2,1487,1490,18,0.26490066225165565,0.3303854072885467,0.2240875912408759,0.2504950495049505,0.4431001890359168,2082,2114,560,1220,302,334
ajustado,0.0,Variación 18,1,2/2,109.3,18,True,142.6,638,763,12,0.21800947867298578,0.25630642019954847,0.2134433962264151,0.22416534181240064,0.30126002290950743,1290,1477,322,921,47,234
ajustado,0.5,Variación 18,1,2/2,109.3,18,True,142.6,638,763,12,0.27370689655172414,0.2887557564588763,0.2342233009708738,0.32469775474956825,0.4957472660996355,1290,1392,381,822,87,189
ajustado,0.0,Variación 19,1,3/8,85.0,19,True,68.5,692,758,18,0.23817292006525284,0.2791024394759987,0.1903485254691689,0.3125,0.49254790631653655,1226,1085,292,749,185,44
ajustado,0.5,Variación 19,1,3/8,85.0,19,True,68.5,692,758,18,0.2553017944535073,0.2830710676229654,0.19436997319034852,0.35,0.5051094890510949,1226,1060,313,710,203,37
ajustado,0.0,Variación 20,2,3/4,125.2,20,True,92.9,1274,1539,198,0.22674418604651161,0.2438944611703993,0.21466768525592056,0.1819066147859922,0.14659300184162063,2064,1989,468,1228,368,293
ajustado,0.5,Variación 20,2,3/4,125.2,20,True,92.9,1274,1539,198,0.20881782945736435,0.2371463854853438,0.1875,0.1828793774319066,0.16844512195121952,2064,1949,431,1243,390,275
ajustado,0.0,Variación 21,1,4/4,234.5,21,True,32.3,944,1055,12,0.1724137931034483,0.15330731139305284,0.17868020304568527,0.15979381443298968,0.4274891774891775,1588,1740,300,1203,85,237
ajustado,0.5,Variación 21,1,4/4,234.5,21,True,32.3,944,1055,12,0.16511085180863477,0.14451537525796246,0.1731958762886598,0.1481958762886598,0.43870258383727323,1588,1714,283,1230,75,201
ajustado,0.0,Variación 22,1,2/2,92.6,22,True,169.3,639,709,12,0.21035598705501618,0.21888787976251992,0.19866814650388456,0.21791044776119403,0.14457831325301204,1412,1545,325,1002,85,218
ajustado,0.5,Variación 22,1,2/2,92.6,22,True,169.3,639,709,12,0.22978436657681942,0.2473767642141552,0.20509849362688296,0.24477611940298508,0.23678929765886286,1412,1484,341,961,110,182
ajustado,0.0,Variación 23,2,3/4,139.7,23,True,83.1,1558,1693,38,0.1957040572792363,0.15668039213606827,0.18253968253968253,0.16596194503171247,0.35789473684210527,2016,2095,410,1338,268,347
ajustado,0.5,Variación 23,2,3/4,139.7,23,True,83.1,1558,1693,38,0.18813314037626627,0.15900916407902302,0.17647058823529413,0.1553911205073996,0.324531190202832,2016,2073,390,1338,288,345
ajustado,0.0,Variación 24,1,9/8,165.5,24,True,105.4,1333,1508,32,0.3353900396650507,0.2709466467440605,0.32653061224489793,0.2990909090909091,0.27868284228769497,2142,2269,761,1036,345,472
ajustado,0.5,Variación 24,1,9/8,165.5,24,True,105.4,1333,1508,32,0.3583032490974729,0.28045126533825016,0.32337164750957853,0.3381818181818182,0.4206008583690987,2142,2216,794,988,360,434
ajustado,0.0,Variación 26,2,4/4,122.8,26,True,125.5,1763,1904,12,0.1491395793499044,0.1320421355395765,0.12796469939327082,0.14416058394160583,0.1288196524865189,2432,2615,390,1731,311,494
ajustado,0.5,Variación 26,2,4/4,122.8,26,True,125.5,1763,1904,12,0.15435203094777564,0.1344345508477561,0.1316229782487451,0.14872262773722628,0.12298325722983257,2432,2585,399,1714,319,472
ajustado,0.0,Variación 27,2,6/8,111.4,27,True,102.4,1124,1147,12,0.22965641952983726,0.30703018253161896,0.23448275862068965,0.203125,0.36551724137931035,1406,1659,381,940,85,338
ajustado,0.5,Variación 27,2,6/8,111.4,27,True,102.4,1124,1147,12,0.2611111111111111,0.3334026240379358,0.24975024975024976,0.24573863636363635,0.4175143741707209,1406,1620,423,863,120,334
ajustado,0.0,Variación 28,2,3/4,146.1,28,True,78.8,1910,1684,84,0.14781351644380195,0.15612099244140246,0.11563275434243177,0.16266173752310537,0.3630229419703104,2254,2767,409,1513,332,845
ajustado,0.5,Variación 28,2,3/4,146.1,28,True,78.8,1910,1684,84,0.152014652014652,0.1745784580949453,0.1172962226640159,0.16543438077634012,0.3708791208791209,2254,2730,415,1473,366,842
ajustado,0.0,Variación 29,1,3/4,129.1,29,True,89.7,1461,1815,234,0.2868043087971275,0.2363672496447989,0.2897897897897898,0.23644859813084113,0.18513011152416356,2228,2074,639,1187,402,248
ajustado,0.5,Variación 29,1,3/4,129.1,29,True,89.7,1461,1815,234,0.2715439856373429,0.23023528344702643,0.2698170731707317,0.23457943925233646,0.18230155715913407,2228,2032,605,1199,424,228
ajustado,0.0,Variación 30,1,4/4,121.2,30,True,68.3,815,871,18,0.21689497716894976,0.15466660465374696,0.1780515117581187,0.22661870503597123,0.3821138211382114,1248,1314,285,800,163,229
ajustado,0.5,Variación 30,1,4/4,121.2,30,True,68.3,815,871,18,0.2198473282442748,0.1552799220842994,0.18284424379232506,0.22661870503597123,0.41346153846153844,1248,1310,288,801,159,221
ajustado,0.0,Aria da capo,1,3/4,170.1,31,False,35.0,477,553,37,0.1997828447339848,0.21682193949785591,0.21511627906976744,0.18024691358024691,0.4995215311004785,921,841,184,595,142,62
ajustado,0.5,Aria da capo,1,3/4,170.1,31,False,35.0,477,553,37,0.2290988056460369,0.24220127110354445,0.21705426356589147,0.24444444444444444,0.5646594274432379,921,826,211,549,161,66
original,0.0,Aria,1,3/4,299.5,0,True,38.7,1020,1106,74,0.25709606986899564,0.27171448529124353,0.24540441176470587,0.2518518518518518,0.28475551294343243,1832,1741,471,1033,328,237
original,0.5,Aria,1,3/4,299.5,0,True,38.7,1020,1106,74,0.2625545851528384,0.2689985975103826,0.24835371589840075,0.2679012345679012,0.31345490389354363,1832,1697,481,1010,341,206
original,0.0,Variación 1,1,3/4,115.5,1,True,100.7,1188,1202,12,0.20947630922693267,0.26844786121004244,0.20881057268722467,0.2103448275862069,0.6983372921615202,1620,2005,420,1170,30,415
original,0.5,Variación 1,1,3/4,115.5,1,True,100.7,1188,1202,12,0.3192868719611021,0.32731745019895725,0.24817518248175183,0.421957671957672,0.7964071856287425,1620,1851,591,934,95,326
original,0.0,Variación 2,1,2/4,123.7,2,True,63.2,819,925,20,0.21052631578947367,0.21108819900596817,0.18006103763987794,0.2409867172675522,0.3975501113585746,1444,1328,304,925,215,99
original,0.5,Variación 2,1,2/4,123.7,2,True,63.2,819,925,20,0.2707756232686981,0.23484958893784227,0.18413021363173956,0.4535637149028078,0.4916864608076009,1444,1254,391,794,259,69
original,0.0,Variación 3,1,12/8,116.8,3,True,97.4,1247,1386,12,0.21891891891891893,0.23826639431933444,0.14171122994652408,0.3106060606060606,0.4954545454545455,1850,1828,405,1311,134,112
original,0.5,Variación 3,1,12/8,116.8,3,True,97.4,1247,1386,12,0.27405405405405403,0.2226166413535111,0.16488413547237077,0.4423076923076923,0.5428226779252111,1850,1693,507,1138,205,48
original,0.0,Variación 4,1,3/8,68.6,4,True,86.1,533,700,16,0.24192336589030805,0.2547808028442491,0.23703703703703705,0.24695121951219512,0.213511259382819,1331,1025,322,678,331,25
original,0.5,Variación 4,1,3/8,68.6,4,True,86.1,533,700,16,0.27948910593538695,0.2818213438214101,0.26666666666666666,0.2926829268292683,0.3683737646001797,1331,987,372,590,369,25
original,0.0,Variación 5,1,3/4,94.2,5,True,124.2,1136,1113,16,0.16901408450704225,0.21924879531930033,0.1550759392486011,0.13766233766233765,0.32783964365256124,1536,1775,300,986,250,489
original,0.5,Variación 5,1,3/4,94.2,5,True,124.2,1136,1113,16,0.1906158357771261,0.25276802272695587,0.169002473206925,0.15584415584415584,0.37563923756392376,1536,1705,325,926,285,454
original,0.0,Variación 6,1,3/8,98.1,6,True,61.3,693,859,24,0.2593905031892275,0.2794390693664741,0.22233930453108536,0.256198347107438,0.32878492527615333,1411,1121,366,603,442,152
original,0.5,Variación 6,1,3/8,98.1,6,True,61.3,693,859,24,0.2813607370659107,0.2886116361584693,0.23498419388830347,0.28431372549019607,0.33646112600536193,1411,1121,397,561,453,163
original,0.0,Variación 7,1,6/8,132.3,7,True,87.8,807,950,18,0.2613219094247246,0.2695213307761464,0.22624434389140272,0.29797979797979796,0.3649789029535865,1298,1634,427,769,102,438
original,0.5,Variación 7,1,6/8,132.3,7,True,87.8,807,950,18,0.277639751552795,0.2812186641374742,0.2445054945054945,0.30303030303030304,0.3670125614418351,1298,1610,447,743,108,420
original,0.0,Variación 8,2,3/4,116.5,8,True,101.0,1357,1372,14,0.22661330665332666,0.3136544467067981,0.24879614767255218,0.17698019801980197,0.5156482861400894,1706,1999,453,1158,95,388
original,0.5,Variación 8,2,3/4,116.5,8,True,101.0,1357,1372,14,0.2548302872062663,0.3247742816660311,0.23064250411861614,0.25742574257425743,0.4311284046692607,1706,1915,488,1064,154,363
original,0.0,Variación 9,1,4/4,126.2,9,True,60.6,783,812,12,0.21292460646230324,0.21084078350033297,0.16940581542351454,0.27455357142857145,0.35699797160243407,1172,1207,257,859,56,91
original,0.5,Variación 9,1,4/4,126.2,9,True,60.6,783,812,12,0.23375527426160336,0.22256448423289463,0.18018018018018017,0.30580357142857145,0.33080634045485874,1172,1185,277,812,83,96
original,0.0,Variación 10,1,2/2,105.7,10,True,149.3,793,807,16,0.15630347974900172,0.2850829503527569,0.15185601799775028,0.16087962962962962,0.10280818657782008,1342,1753,274,1058,10,421
original,0.5,Variación 10,1,2/2,105.7,10,True,149.3,793,807,16,0.20861127956337175,0.2681883835536254,0.16647264260768335,0.25443037974683547,0.27561475409836067,1342,1649,344,969,29,336
original,0.0,Variación 11,2,12/16,129.1,11,True,89.9,1308,1386,12,0.2391304347826087,0.3020669582286315,0.22061191626409019,0.18789808917197454,0.23853211009174313,1848,1886,451,1095,302,340
original,0.5,Variación 11,2,12/16,129.1,11,True,89.9,1308,1386,12,0.2544570502431118,0.31048574250948474,0.2300163132137031,0.20063694267515925,0.2507788161993769,1848,1851,471,1053,324,327
original,0.0,Variación 12,1,3/4,135.9,12,True,85.7,1340,1509,16,0.24154135338345864,0.24866596489141748,0.2177734375,0.2139705882352941,0.38672438672438675,2128,1982,514,1188,426,280
original,0.5,Variación 12,1,3/4,135.9,12,True,85.7,1340,1509,16,0.2523496240601504,0.2579481494614073,0.22993062438057482,0.22426470588235295,0.43037037037037035,2128,1939,537,1132,459,270
original,0.0,Variación 13,2,3/4,254.5,13,True,45.5,1675,1870,82,0.15675675675675677,0.17235495808102003,0.11187698833510074,0.23556797020484171,0.35145631067961164,2960,2393,464,1904,592,25
original,0.5,Variación 13,2,3/4,254.5,13,True,45.5,1675,1870,82,0.17635135135135135,0.18408680709969225,0.11611876988335101,0.28212290502793297,0.4033333333333333,2960,2324,522,1772,666,30
original,0.0,Variación 14,2,3/4,136.7,14,True,85.4,1417,1572,190,0.16986564299424184,0.19134126665263668,0.14382022471910114,0.1588235294117647,0.20366300366300366,2034,2084,354,1391,289,339
original,0.5,Variación 14,2,3/4,136.7,14,True,85.4,1417,1572,190,0.16764995083579154,0.1817103873824875,0.13816793893129772,0.1568627450980392,0.182648401826484,2034,2018,341,1366,327,311
original,0.0,Variación 15,1,2/4,272.5,15,True,28.4,1090,1235,14,0.21655104063429137,0.18888306915068917,0.160828025477707,0.24127310061601642,0.2844990548204159,1946,2018,437,1259,250,322
original,0.5,Variación 15,1,2/4,272.5,15,True,28.4,1090,1235,14,0.21393034825870647,0.1842565366280137,0.16386890487609912,0.23100616016427106,0.26290630975143403,1946,2010,430,1268,248,312
original,0.0,Variación 16,1,2/2,188.7,16,True,124.5,1585,1643,46,0.16893914200199533,0.18534329329267202,0.16831683168316833,0.17003676470588236,0.3663024726854514,2470,3007,508,1904,58,595
original,0.5,Variación 16,1,2/2,188.7,16,True,124.5,1585,1643,46,0.20432777580702377,0.1987028136109836,0.18945634266886327,0.21875,0.38638454461821525,2470,2819,576,1740,154,503
original,0.0,Variación 17,2,3/4,104.3,17,True,112.1,1490,1490,18,0.25069124423963135,0.3293265320763218,0.22166427546628406,0.23267326732673269,0.4575018477457502,2082,2170,544,1274,264,352
original,0.5,Variación 17,2,3/4,104.3,17,True,112.1,1490,1490,18,0.26449787835926447,0.33724891631137877,0.22519913106444606,0.24752475247524752,0.46956521739130436,2082,2121,561,1221,300,339
original,0.0,Variación 18,1,2/2,109.3,18,True,142.6,639,763,12,0.2103148024112525,0.251003847044875,0.19651162790697674,0.22906793048973143,0.2762557077625571,1290,1493,314,936,40,243
original,0.5,Variación 18,1,2/2,109.3,18,True,142.6,639,763,12,0.2802275960170697,0.31739629081600146,0.24607961399276237,0.3292894280762565,0.45790430042398544,1290,1406,394,798,98,214
original,0.0,Variación 19,1,3/8,85.0,19,True,68.5,694,758,18,0.23735725938009788,0.27641469548982395,0.18498659517426275,0.31875,0.5653710247349824,1226,1092,291,759,176,42
original,0.5,Variación 19,1,3/8,85.0,19,True,68.5,694,758,18,0.24714518760195758,0.26756438910995634,0.18096514745308312,0.35,0.5789090909090909,1226,1069,303,734,189,32
original,0.0,Variación 20,2,3/4,125.2,20,True,92.9,1282,1539,198,0.22722868217054262,0.2359534700236911,0.21012849584278157,0.1857976653696498,0.16353591160220995,2064,1995,469,1223,372,303
original,0.5,Variación 20,2,3/4,125.2,20,True,92.9,1282,1539,198,0.21172480620155038,0.24079594907049628,0.18883792048929662,0.18482490272373542,0.173846740373618,2064,1949,437,1220,407,292
original,0.0,Variación 21,1,4/4,234.5,21,True,32.3,968,1055,12,0.16149068322981366,0.1389568754718245,0.16551040634291378,0.15335051546391754,0.42787682333873583,1588,1771,286,1241,61,244
original,0.5,Variación 21,1,4/4,234.5,21,True,32.3,968,1055,12,0.15903890160183065,0.13688611263637426,0.16297786720321933,0.14948453608247422,0.44127332601536773,1588,1748,278,1251,59,219
original,0.0,Variación 22,1,2/2,92.6,22,True,169.3,641,709,12,0.20846696600384862,0.21874856950642774,0.18927789934354486,0.22686567164179106,0.18032786885245902,1412,1559,325,1005,82,229
original,0.5,Variación 22,1,2/2,92.6,22,True,169.3,641,709,12,0.23014804845222073,0.2397047930881408,0.204337899543379,0.24328358208955222,0.19333333333333333,1412,1486,342,954,116,190
original,0.0,Variación 23,2,3/4,139.7,23,True,83.1,1570,1693,38,0.1891764705882353,0.15236158630045,0.17809187279151945,0.15856236786469344,0.31963814549566527,2016,2125,402,1349,265,374
original,0.5,Variación 23,2,3/4,139.7,23,True,83.1,1570,1693,38,0.18082581869957284,0.1478732198604984,0.16879432624113475,0.1511627906976744,0.3103448275862069,2016,2107,381,1357,278,369
original,0.0,Variación 24,1,9/8,165.5,24,True,105.4,1343,1508,32,0.3444493198771391,0.27263161701083355,0.3252391464311994,0.3118181818181818,0.30180806675938804,2142,2279,785,984,373,510
original,0.5,Variación 24,1,9/8,165.5,24,True,105.4,1343,1508,32,0.3734119782214156,0.2873960971098446,0.34467120181405897,0.3336363636363636,0.41696621135873474,2142,2204,823,904,415,477
original,0.0,Variación 26,2,4/4,122.8,26,True,125.5,1772,1904,12,0.149146110056926,0.13210643325941562,0.12882096069868995,0.14324817518248176,0.11567275996403956,2432,2635,393,1729,310,513
original,0.5,Variación 26,2,4/4,122.8,26,True,125.5,1772,1904,12,0.15722543352601157,0.13742896111536143,0.13462603878116344,0.15054744525547445,0.1114833993298812,2432,2595,408,1702,322,485
original,0.0,Variación 27,2,6/8,111.4,27,True,102.4,1129,1147,12,0.24338942307692307,0.3332606902861267,0.2347235693501455,0.2315340909090909,0.3621434745030251,1406,1664,405,891,110,368
original,0.5,Variación 27,2,6/8,111.4,27,True,102.4,1129,1147,12,0.26202219482120837,0.3351227005061724,0.24975320829220138,0.24431818181818182,0.4276841171251109,1406,1622,425,857,124,340
original,0.0,Variación 28,2,3/4,146.1,28,True,78.8,1921,1684,84,0.14857142857142858,0.15683782650323258,0.11521633446767136,0.16543438077634012,0.32013536379018614,2254,2800,416,1495,343,889
original,0.5,Variación 28,2,3/4,146.1,28,True,78.8,1921,1684,84,0.15348501263994221,0.17193990502883075,0.11690209449585971,0.1709796672828096,0.3196974905465796,2254,2769,425,1458,371,886
original,0.0,Variación 29,1,3/4,129.1,29,True,89.7,1458,1815,234,0.28590664272890487,0.23603781228894305,0.28218562874251496,0.24299065420560748,0.17837235228539577,2228,2075,637,1181,410,257
original,0.5,Variación 29,1,3/4,129.1,29,True,89.7,1458,1815,234,0.27244165170556556,0.22932800215872054,0.2711480362537764,0.23177570093457944,0.1448615851346227,2228,2043,607,1187,434,249
original,0.0,Variación 30,1,4/4,121.2,30,True,68.3,823,871,18,0.22772277227722773,0.16613182114398212,0.18798665183537264,0.23381294964028776,0.3837837837837838,1248,1313,299,772,177,242
original,0.5,Variación 30,1,4/4,121.2,30,True,68.3,823,871,18,0.22994652406417113,0.1619864842717563,0.19528619528619529,0.22841726618705036,0.4074074074074074,1248,1309,301,775,172,233
original,0.0,Aria da capo,1,3/4,170.1,31,False,35.0,488,553,37,0.20304017372421282,0.21895996271061477,0.21575984990619138,0.17777777777777778,0.49665711556829034,921,864,187,596,138,81
original,0.5,Aria da capo,1,3/4,170.1,31,False,35.0,488,553,37,0.2280130293159609,0.23386771815231303,0.21523809523809523,0.23950617283950618,0.5641025641025641,921,848,210,561,150,77
