conjunto,categoria,ref,hyp,matches,substitutions,deletions,insertions,bsa
desarrollo,ligaduras,1920,620,207,1049,664,83,0.1078
desarrollo,intervalos,66,2962,37,20,9,533,0.0125
desarrollo,notas,18875,15520,7179,8642,3054,994,0.3803
desarrollo,in_accords,1406,0,2,724,680,0,0.0014
desarrollo,octavas,4523,4201,2382,1426,715,376,0.5266
desarrollo,alteraciones,1083,1414,611,326,146,112,0.4321
desarrollo,barras,22,0,1,13,8,0,0.0455
prueba,barras,12,0,0,4,8,0,0.0
prueba,ligaduras,1076,772,214,594,268,125,0.1989
prueba,intervalos,425,4093,209,163,53,833,0.0511
prueba,notas,17642,14369,5598,9797,2247,1069,0.3173
prueba,in_accords,1192,0,5,847,340,0,0.0042
prueba,octavas,3827,3745,1779,1542,506,427,0.4649
prueba,alteraciones,1138,1423,515,506,117,176,0.3619
prueba,bar_over_bar,0,1,0,0,0,0,0.0
externo,barras,12,0,0,12,0,0,0.0
externo,ligaduras,436,382,61,347,28,177,0.1399
externo,intervalos,470,830,236,228,6,259,0.2843
externo,notas,2154,2352,874,1144,136,532,0.3716
externo,octavas,755,982,521,215,19,212,0.5305
externo,alteraciones,262,718,182,76,4,86,0.2535
externo,manos,6,0,0,6,0,0,0.0
externo,in_accords,104,0,1,97,6,0,0.0096
externo,bar_over_bar,4,8,1,3,0,2,0.125
intermedio,barras,16,0,0,14,2,0,0.0
intermedio,ligaduras,854,158,44,445,365,39,0.0515
intermedio,intervalos,253,444,159,72,22,89,0.3581
intermedio,notas,2346,2626,1369,833,144,293,0.5213
intermedio,in_accords,48,0,0,38,10,0,0.0
intermedio,octavas,653,884,476,133,44,120,0.5385
intermedio,alteraciones,163,185,84,64,15,24,0.4541
intermedio,desconocido,1,0,0,1,0,0,0.0
