pieza,nombre,particion,bsa,bsa_md,bsa_mi
0,Aria,desarrollo,0.7724288840262582,0.7176470588235294,0.8415841584158416
1,Variación 1,desarrollo,0.6274509803921569,0.5576036866359447,0.7068062827225131
2,Variación 2,desarrollo,0.7289972899728997,0.71,0.7689075630252101
3,Variación 3,desarrollo,0.6375634517766497,0.6432,0.6225895316804407
4,Variación 4,desarrollo,0.8741159830268741,0.8227146814404432,0.9277456647398844
5,Variación 5,desarrollo,0.6306306306306306,0.6459948320413437,0.6153846153846154
6,Variación 6,desarrollo,0.6280653950953679,0.6693711967545639,0.42671009771986973
7,Variación 7,desarrollo,0.9538461538461539,0.9371428571428572,0.9733333333333334
8,Variación 8,desarrollo,0.5349112426035503,0.5123595505617977,0.5586034912718204
9,Variación 9,desarrollo,0.8344827586206897,0.9136490250696379,0.7027027027027027
10,Variación 10,desarrollo,0.9291217257318952,0.8601823708206687,0.9815950920245399
11,Variación 11,desarrollo,0.6260964912280702,0.6174496644295302,0.6316916488222698
12,Variación 12,desarrollo,0.6073102155576382,0.49242424242424243,0.5791044776119403
13,Variación 13,desarrollo,0.746922024623803,0.613978494623656,0.9559633027522936
14,Variación 14,desarrollo,0.7402985074626866,0.7365269461077845,0.7440476190476191
15,Variación 15,desarrollo,0.7636916835699797,0.7281746031746031,0.8008298755186722
16,Variación 16,prueba,0.6676258992805756,0.6753407682775713,0.6569468267581475
17,Variación 17,prueba,0.5490767735665695,0.560377358490566,0.5349301397205589
18,Variación 18,prueba,0.9921135646687698,1.0,0.9782608695652174
19,Variación 19,prueba,0.7043618739903069,0.6848958333333334,0.7361702127659574
20,Variación 20,prueba,0.7106076210092688,0.7366255144032922,0.6845360824742268
21,Variación 21,prueba,0.656641604010025,0.672093023255814,0.6103896103896104
22,Variación 22,prueba,0.9770114942528736,0.9727520435967303,0.9787878787878788
23,Variación 23,prueba,0.4960212201591512,0.4991596638655462,0.4925373134328358
24,Variación 24,prueba,0.8408051235132662,0.8517110266159695,0.8306878306878307
25,Variación 25,prueba,0.7944557133198107,0.7047970479704797,0.9039039039039038
26,Variación 26,prueba,0.24107142857142858,0.2387774594078319,0.24387397899649943
27,Variación 27,prueba,0.6068866571018652,0.5959885386819485,0.617816091954023
28,Variación 28,prueba,0.4843437708194537,0.48378728923476005,0.4849315068493151
29,Variación 29,prueba,0.4983027834351663,0.44473007712082263,0.5582733812949641
30,Variación 30,prueba,0.8493975903614458,0.8070652173913043,0.902027027027027
31,Aria da capo,desarrollo,0.7747551686615887,0.7223300970873786,0.8415841584158416
