configuracion,conjunto,pieza,bsa,bsa_sin_fraseo,f1_notas_por_compas,alturas,ritmo
base,desarrollo,goldberg_00,0.2582,0.2713,0.6202,0.3972,0.3576
base,desarrollo,goldberg_01,0.3193,0.3193,0.6458,0.462,0.4229
base,desarrollo,goldberg_02,0.2676,0.2659,0.7171,0.3726,0.4711
base,desarrollo,goldberg_03,0.2712,0.2712,0.781,0.5502,0.3913
base,desarrollo,goldberg_04,0.289,0.289,0.716,0.5868,0.5521
base,desarrollo,goldberg_05,0.2028,0.2028,0.4617,0.205,0.3077
base,desarrollo,goldberg_06,0.2911,0.2911,0.7215,0.4764,0.3151
base,desarrollo,goldberg_07,0.2734,0.2778,0.6073,0.3806,0.4959
base,desarrollo,goldberg_08,0.2681,0.2681,0.6294,0.4641,0.3255
base,desarrollo,goldberg_09,0.2385,0.2385,0.6943,0.437,0.4259
base,desarrollo,goldberg_10,0.1993,0.1993,0.6272,0.4853,0.3317
base,desarrollo,goldberg_11,0.2541,0.2541,0.5721,0.4602,0.3407
base,desarrollo,goldberg_12,0.2601,0.2603,0.644,0.4252,0.3442
base,desarrollo,goldberg_13,0.17,0.1705,0.6969,0.442,0.1764
base,desarrollo,goldberg_14,0.1623,0.1628,0.4764,0.3451,0.1937
base,desarrollo,goldberg_15,0.2237,0.2222,0.5509,0.2541,0.3074
base,desarrollo,goldberg_31,0.2274,0.2405,0.6414,0.5274,0.3297
base,prueba,goldberg_16,0.2043,0.2043,0.4076,0.3273,0.2864
base,prueba,goldberg_17,0.264,0.2626,0.632,0.3417,0.3031
base,prueba,goldberg_18,0.2593,0.2593,0.6459,0.3798,0.535
base,prueba,goldberg_19,0.2629,0.2629,0.6942,0.5379,0.3168
base,prueba,goldberg_20,0.2116,0.2116,0.4819,0.2262,0.3219
base,prueba,goldberg_21,0.1564,0.1564,0.5888,0.2746,0.3154
base,prueba,goldberg_22,0.2257,0.2257,0.5925,0.186,0.3758
base,prueba,goldberg_23,0.1913,0.1913,0.534,0.2465,0.3079
base,prueba,goldberg_24,0.3066,0.3066,0.6312,0.4099,0.6886
base,prueba,goldberg_26,0.1551,0.1551,0.5392,0.3784,0.174
base,prueba,goldberg_27,0.2607,0.2607,0.645,0.3667,0.3297
base,prueba,goldberg_28,0.1513,0.152,0.4836,0.2226,0.2672
base,prueba,goldberg_29,0.2828,0.2828,0.5223,0.2761,0.5734
base,prueba,goldberg_30,0.239,0.239,0.697,0.1824,0.3841
base,externo,fur_elise,0.3557,0.3597,0.4211,0.4177,0.5679
base,externo,fille,0.1472,0.1606,0.3321,0.1186,0.1975
base,externo,vals_chopin,0.2408,0.2461,0.4542,0.2769,0.3851
base,intermedio,minueto_sol,0.2834,0.2843,0.5163,0.4819,0.528
base,intermedio,clementi_1,0.3633,0.3737,0.6172,0.676,0.7321
base,intermedio,clementi_2,0.2443,0.2489,0.5773,0.4439,0.3824
base,intermedio,sonatina_sol_1,0.3303,0.3339,0.6256,0.3912,0.6266
base,intermedio,sonatina_sol_2,0.3211,0.3198,0.5637,0.451,0.6713
pipeline,desarrollo,goldberg_00,0.331,0.3554,0.7132,0.5511,0.5866
pipeline,desarrollo,goldberg_01,0.5759,0.5759,0.8155,0.7509,0.642
pipeline,desarrollo,goldberg_02,0.4493,0.4499,0.8158,0.4948,0.764
pipeline,desarrollo,goldberg_03,0.4478,0.4478,0.8225,0.564,0.7045
pipeline,desarrollo,goldberg_04,0.2999,0.2999,0.6692,0.6158,0.5627
pipeline,desarrollo,goldberg_05,0.3427,0.3427,0.5261,0.3065,0.6806
pipeline,desarrollo,goldberg_06,0.4762,0.4762,0.8131,0.4088,0.8185
pipeline,desarrollo,goldberg_07,0.6109,0.6117,0.7305,0.5627,0.7749
pipeline,desarrollo,goldberg_08,0.407,0.407,0.7392,0.6153,0.4693
pipeline,desarrollo,goldberg_09,0.3741,0.3741,0.8139,0.4899,0.617
pipeline,desarrollo,goldberg_10,0.4052,0.4052,0.7219,0.5633,0.6876
pipeline,desarrollo,goldberg_11,0.3289,0.3288,0.6976,0.6003,0.3711
pipeline,desarrollo,goldberg_12,0.4411,0.4415,0.8053,0.6278,0.7047
pipeline,desarrollo,goldberg_13,0.238,0.2471,0.7178,0.4154,0.3494
pipeline,desarrollo,goldberg_14,0.2435,0.243,0.517,0.2825,0.3031
pipeline,desarrollo,goldberg_15,0.224,0.2312,0.6232,0.3312,0.3351
pipeline,desarrollo,goldberg_31,0.3101,0.3211,0.6674,0.6056,0.4684
pipeline,prueba,goldberg_16,0.2797,0.2797,0.4206,0.4897,0.3732
pipeline,prueba,goldberg_17,0.4344,0.4387,0.6481,0.5558,0.6364
pipeline,prueba,goldberg_18,0.5064,0.5064,0.8224,0.3754,0.7722
pipeline,prueba,goldberg_19,0.403,0.403,0.6921,0.8051,0.614
pipeline,prueba,goldberg_20,0.2461,0.2461,0.5341,0.3192,0.4142
pipeline,prueba,goldberg_21,0.2341,0.2341,0.6624,0.3729,0.4721
pipeline,prueba,goldberg_22,0.2766,0.2766,0.6865,0.5087,0.6068
pipeline,prueba,goldberg_23,0.2153,0.2153,0.5396,0.3252,0.381
pipeline,prueba,goldberg_24,0.4358,0.4358,0.7037,0.4412,0.8285
pipeline,prueba,goldberg_26,0.2794,0.2794,0.6102,0.3389,0.4413
pipeline,prueba,goldberg_27,0.4912,0.4912,0.7007,0.6078,0.6657
pipeline,prueba,goldberg_28,0.2709,0.2713,0.5962,0.3261,0.5977
pipeline,prueba,goldberg_29,0.2526,0.2526,0.5407,0.2379,0.4828
pipeline,prueba,goldberg_30,0.3184,0.3184,0.6471,0.3379,0.5741
pipeline,externo,fur_elise,0.4905,0.488,0.6827,0.4054,0.7409
pipeline,externo,fille,0.1479,0.1634,0.3431,0.1307,0.241
pipeline,externo,vals_chopin,0.3704,0.386,0.5566,0.3901,0.6305
pipeline,intermedio,minueto_sol,0.4979,0.5207,0.4112,0.5874,0.8092
pipeline,intermedio,clementi_1,0.5472,0.6175,0.793,0.7929,0.8582
pipeline,intermedio,clementi_2,0.2768,0.321,0.6412,0.4957,0.4195
pipeline,intermedio,sonatina_sol_1,0.5131,0.5657,0.7269,0.7121,0.7899
pipeline,intermedio,sonatina_sol_2,0.4878,0.5742,0.7142,0.6327,0.8555
